time.ms,stateEstimate.x,stateEstimate.y,stateEstimate.z,stabilizer.roll,stabilizer.pitch,stabilizer.yaw,pm.vbat,drone_id,node_name,wind_speed,global_wind_direction,relative_wind_direction,travel_dist,waiting_time,curr_node_role
0,0.6609019041061401,0.391733855009079,0.0,-0.5187731385231018,0.4781396687030792,10.93341827392578,4.1015625,0,F2,7.6,0,270.0,0.0,[6200|0|0|0],start
100,0.6608891487121582,0.3919417560100555,0.0,-0.5230581164360046,0.4816800653934479,10.915477752685549,4.1015625,0,F2,7.6,0,270.0,0.00020829192563,[6300|0|0|0],start
200,0.6611008644104004,0.3919989168643951,0.0,-0.5241744518280029,0.4757860898971557,10.91932201385498,4.1015625,0,F2,7.6,0,270.0,0.0004275883007733,[6400|0|0|0],start
300,0.6608172655105591,0.3918684124946594,0.0,-0.5204243659973145,0.4858061373233795,10.9202241897583,4.1015625,0,fly,7.6,0,270.0,0.0007397737048384,[6400|0|0|0],fly
400,0.6607282757759094,0.3921247720718384,0.0,-0.52164626121521,0.4845171570777893,10.998906135559082,2.939453125,0,fly,7.6,0,270.0,0.0010111395200849,[6400|0|0|0],fly
500,0.6603707075119019,0.3919661343097687,0.0,1.0950512886047363,-0.4650146067142486,10.548871040344238,3.298828125,0,fly,7.6,0,270.0,0.0014023185110595,[6400|0|0|0],fly
600,0.6654061675071716,0.3866193890571594,0.0009889951907098,8.911565780639648,-6.977897644042969,11.245962142944336,3.505859375,0,fly,7.6,0,270.0,0.0088132330057429,[6400|0|0|0],fly
700,0.6856744289398193,0.3708695471286773,0.0459559336304664,4.331398010253906,-3.663146734237671,9.316158294677734,3.419921875,0,fly,7.6,0,270.0,0.0605905011349054,[6400|0|0|0],fly
800,0.7127175331115723,0.3515269458293915,0.1057024449110031,-4.548402786254883,5.600663185119629,5.975803375244141,3.431640625,0,fly,7.6,0,270.0,0.1289652868271671,[6400|0|0|0],fly
900,0.7314772605895996,0.3382905721664428,0.1755077540874481,-5.246357440948486,5.830423831939697,2.460150718688965,3.416015625,0,fly,7.6,0,270.0,0.202449367770009,[6400|0|0|0],fly
1000,0.7404329776763916,0.3360854983329773,0.2543037831783294,-5.3711700439453125,6.327856540679932,-0.0818144232034683,3.431640625,0,fly,7.6,0,270.0,0.2817833543056717,[6400|0|0|0],fly
1100,0.7412353157997131,0.3444054126739502,0.3405172228813171,-2.710150718688965,4.688304424285889,-1.1480792760849,3.462890625,0,fly,7.6,0,270.0,0.3684010309457545,[6400|0|0|0],fly
1200,0.7380768656730652,0.3591350317001343,0.433121770620346,-0.1453232914209365,2.5393850803375244,-2.0327253341674805,3.47265625,0,fly,7.6,0,270.0,0.4622228820562988,[6400|0|0|0],fly
1300,0.7330328822135925,0.3746483922004699,0.5291940569877625,1.9157525300979608,1.9406272172927856,-1.8313281536102293,3.47265625,0,fly,7.6,0,270.0,0.5596702541656362,[6400|0|0|0],fly
1400,0.7276845574378967,0.3861080706119537,0.6271446943283081,3.713990211486816,0.8568890690803528,-1.061023831367493,3.46875,0,fly,7.6,0,270.0,0.6584338920219852,[6400|0|0|0],fly
1500,0.7221954464912415,0.3917730748653412,0.7245893478393555,3.1432504653930664,1.3815480470657349,-0.7659145593643188,3.45703125,0,fly,7.6,0,270.0,0.7561972957580646,[6400|0|0|0],fly
1600,0.7152409553527832,0.3924637734889984,0.8204420208930969,2.3576643466949463,0.0847043916583061,-0.3217498064041137,3.42578125,0,fly,7.6,0,270.0,0.8523044075819617,[6400|0|0|0],fly
1700,0.7086600661277771,0.388467937707901,0.9151270985603333,2.007016658782959,0.4613330960273742,0.3344312012195587,3.453125,0,fly,7.6,0,270.0,0.947301979863741,[6400|0|0|0],fly
1800,0.7020774483680725,0.3845394849777221,1.0106477737426758,0.2494543492794037,-0.275416225194931,-0.11978180706501,3.44140625,0,fly,7.6,0,270.0,1.0431297575939702,[6400|0|0|0],fly
1900,0.6992797255516052,0.3834039568901062,1.1202690601348877,-0.0478048548102378,0.3406826257705688,-1.0988835096359253,3.453125,0,fly,7.6,0,270.0,1.1527926187060116,[6400|0|0|0],fly
2000,0.6887258291244507,0.3819869756698608,1.2237554788589478,0.1066586375236511,0.0935020521283149,-2.1174252033233643,3.447265625,0,fly,7.6,0,270.0,1.256825456915421,[6400|0|0|0],fly
2100,0.6760847568511963,0.3816458880901336,1.3295259475708008,0.4584011733531952,-0.5810611844062805,-2.939363956451416,3.431640625,0,fly,7.6,0,270.0,1.363349187137751,[6400|0|0|0],fly
2200,0.661601722240448,0.3799188137054443,1.4355459213256836,-0.1730228811502456,-1.107685089111328,-3.401700973510742,3.435546875,0,fly,7.6,0,270.0,1.4703677645551902,[6400|0|0|0],fly
2300,0.6473181843757629,0.3771017789840698,1.5407400131225586,0.000879940635059,-1.8360536098480225,-1.7914336919784546,3.48828125,0,fly,7.6,0,270.0,1.5765645257464935,[6400|0|0|0],fly
2400,0.6279031038284302,0.3732226192951202,1.624567985534668,0.0021940525621175,-2.267334222793579,2.2525277137756348,3.515625,0,fly,7.6,0,270.0,1.6626988521865207,[6400|0|0|0],fly
2500,0.6161543130874634,0.3718716502189636,1.712564468383789,0.0810355097055435,-2.861741304397583,6.725879669189453,3.541015625,0,fly,7.6,0,270.0,1.7514864650338962,[6400|0|0|0],fly
2600,0.6058624982833862,0.368624746799469,1.7794188261032104,-0.4495049118995666,-2.676248788833618,8.343509674072266,3.525390625,0,fly,7.6,0,270.0,1.8192062478145083,[6400|0|0|0],fly
2700,0.5950335264205933,0.3698274493217468,1.8332006931304927,0.4402865171432495,-3.064924716949463,8.186954498291016,3.5,0,fly,7.6,0,270.0,1.8740806712365592,[6400|0|0|0],fly
2800,0.5855518579483032,0.3747692704200744,1.8716613054275515,0.5533406734466553,-3.3277955055236816,6.926820755004883,3.494140625,0,fly,7.6,0,270.0,1.913999868761697,[6400|0|0|0],fly
2900,0.5790514349937439,0.3717578947544098,1.8927476406097408,1.1439422369003296,-3.2639355659484863,5.797534465789795,3.462890625,0,fly,7.6,0,270.0,1.9362699700951789,[6400|0|0|0],fly
3000,0.5714794397354126,0.3747254908084869,1.90769636631012,0.5991490483283997,-3.5040950775146484,-3.02824330329895,3.453125,0,fly,7.6,0,270.0,1.953287788363028,[6400|0|0|0],fly
3100,0.5667208433151245,0.3722785711288452,1.9083572626113887,0.4528762996196747,-4.313999176025391,-7.656215667724609,3.478515625,0,fly,7.6,0,270.0,1.9586793038949384,[6400|0|0|0],fly
3200,0.5674386024475098,0.362210214138031,1.9039655923843384,0.3668025434017181,-3.973973274230957,-11.946175575256348,3.431640625,0,fly,7.6,0,270.0,1.9696871991546945,[6400|0|0|0],fly
3300,0.5719953775405884,0.3508544862270355,1.897275447845459,-0.7024381160736084,-3.823753118515015,-7.549166679382324,3.3671875,0,fly,7.6,0,270.0,1.9836326209693456,[6400|0|0|0],fly
3400,0.5822955369949341,0.3347228169441223,1.8869012594223025,-4.302542209625244,-2.687965154647827,-13.59256362915039,3.59375,0,fly,7.6,0,272.0,2.0054029637336983,[6400|0|0|0],fly
3501,0.5937209129333496,0.3260930478572845,1.8477568626403809,-14.48513126373291,0.0118879079818725,-7.985795974731445,3.45703125,0,fly,7.6,0,272.0,2.047083845793064,[6400|0|0|0],fly
3601,0.6126593947410583,0.3353655934333801,1.8005123138427734,-16.41880989074707,-0.3417971730232239,-4.991709232330322,3.416015625,0,fly,7.6,0,272.0,2.0988206178776387,[6400|0|0|0],fly
3701,0.6397315859794617,0.3704202473163605,1.7415114641189575,-14.244037628173828,0.1477042436599731,0.2224162220954895,3.3984375,0,fly,7.6,0,272.0,2.172596173215681,[6400|0|0|0],fly
3801,0.6341339349746704,0.4424006342887878,1.6997859477996826,-10.058547973632812,0.7513675689697266,4.465678215026856,3.388671875,0,fly,7.6,0,272.0,2.2559839931750845,[6400|0|0|0],fly
3901,0.6430975198745728,0.5203119516372681,1.6500071287155151,-1.0331578254699707,0.2853578627109527,-3.028897523880005,3.3828125,0,fly,7.6,0,272.0,2.348873443892847,[6400|0|0|0],fly
4001,0.6560167670249939,0.5855439901351929,1.6085838079452517,3.873271942138672,-1.2963929176330566,-7.525496006011963,3.39453125,0,fly,7.6,0,272.0,2.427218943426417,[6400|0|0|0],fly
4101,0.6672490835189819,0.6376864910125732,1.5785034894943235,6.713006019592285,-0.6904199123382568,-9.004339218139648,3.39453125,0,fly,7.6,0,272.0,2.488454806200432,[6400|0|0|0],fly
4201,0.671933650970459,0.6769775152206421,1.5577532052993774,7.148338317871094,-0.0782966315746307,-8.727944374084473,3.404296875,0,fly,7.6,0,272.0,2.5331348246616803,[6400|0|0|0],fly
4301,0.6704146265983582,0.7029657363891602,1.5441094636917114,5.710905075073242,0.3796822130680084,-7.336863994598389,3.431640625,0,fly,7.6,0,272.0,2.56252609478741,[6400|0|0|0],fly
4401,0.6647668480873108,0.7205879092216492,1.534801363945007,3.7911226749420166,0.084933117032051,-5.887619972229004,3.404296875,0,fly,7.6,0,272.0,2.5832403193285933,[6400|0|0|0],fly
4500,0.6545267105102539,0.7339220643043518,1.5278780460357666,2.223327875137329,-1.0446075201034546,-4.615855693817139,3.3828125,0,fly,7.6,0,272.0,2.6014225205220414,[6400|0|0|0],fly
4600,0.6444526314735413,0.744732141494751,1.521467208862305,1.1806613206863403,-2.035423040390014,-3.498199701309204,3.431640625,0,fly,7.6,0,272.0,2.61752977573716,[6400|0|0|0],fly
4700,0.6362456679344177,0.7544220089912415,1.5181920528411863,0.1843646764755249,-2.6008176803588867,-2.944788932800293,3.41015625,0,fly,7.6,0,272.0,2.630643677886966,[6400|0|0|0],fly
4800,0.6305051445960999,0.7645973563194275,1.5124255418777466,0.4756324589252472,-2.629871129989624,-2.002249002456665,3.388671875,0,fly,7.6,0,272.0,2.643672259933316,[6400|0|0|0],fly
4900,0.627300500869751,0.7765064239501953,1.5047826766967771,0.5249203443527222,-2.8633909225463867,-1.1631642580032349,3.46875,0,fly,7.6,0,272.0,2.6581811889572484,[6400|0|0|0],fly
5002,0.6288837194442749,0.7882769107818604,1.4949556589126587,1.0251247882843018,-2.282277822494507,-0.920391321182251,3.435546875,0,fly,7.6,0,272.0,2.673596156353857,[6400|0|0|0],fly
5102,0.633011519908905,0.7984690070152283,1.486303687095642,1.780166506767273,-2.242306470870972,-1.239001750946045,3.431640625,0,fly,7.6,0,272.0,2.687588088980499,[6400|0|0|0],fly
5202,0.6391786932945251,0.8076927065849304,1.4796794652938845,1.843583583831787,-1.3676807880401611,-1.6708040237426758,3.431640625,0,fly,7.6,0,272.0,2.7005105878022944,[6400|0|0|0],fly
5300,0.6446810960769653,0.8142936825752258,1.4748643636703491,1.8405461311340328,-0.9388135075569152,-1.7180278301239014,3.404296875,0,fly,7.6,0,272.0,2.7103611981412343,[6400|0|0|0],fly
5400,0.6518509984016418,0.8188771605491638,1.4704186916351318,1.8558320999145508,0.143138587474823,-1.4873985052108765,3.404296875,0,fly,7.6,0,272.0,2.7199622277489217,[6400|0|0|0],fly
5500,0.658500611782074,0.8213688135147095,1.4660519361495972,1.612847924232483,-0.0559986494481563,-0.8041775822639465,3.42578125,0,fly,7.6,0,272.0,2.7282985486448794,[6400|0|0|0],fly
5600,0.6635262370109558,0.8223193883895874,1.461300492286682,1.191866397857666,0.1298054456710815,-0.0713942945003509,3.435546875,0,fly,7.6,0,272.0,2.7352797176240946,[6400|0|0|0],fly
5700,0.6680735945701599,0.8215259313583374,1.455632209777832,0.921417236328125,0.3130161464214325,0.673917293548584,3.435546875,0,fly,7.6,0,272.0,2.7425898107446933,[6400|0|0|0],fly
5800,0.67079758644104,0.8206450343132019,1.4496455192565918,0.5990903973579407,0.0598309449851512,1.197340965270996,3.435546875,0,fly,7.6,0,272.0,2.749225816675512,[6400|0|0|0],fly
5900,0.673485279083252,0.8194345831871033,1.4433159828186035,0.6201319694519043,-0.207455888390541,1.8010172843933103,3.419921875,0,fly,7.6,0,272.0,2.756208073845474,[6400|0|0|0],fly
6000,0.6761543154716492,0.8173770904541016,1.435929298400879,0.5746690630912781,-0.0740353241562843,2.22526216506958,3.404296875,0,fly,7.6,0,272.0,2.7643271956130056,[6400|0|0|0],fly
6100,0.6785071492195129,0.8145654201507568,1.4291980266571045,0.5871188640594482,-0.2708756923675537,2.68122935295105,3.404296875,0,fly,7.6,0,272.0,2.7719921376107206,[6400|0|0|0],fly
6200,0.6803922653198242,0.8118172883987427,1.422535419464111,0.4798838794231415,-0.2932593822479248,2.481283903121948,3.404296875,0,fly,7.6,0,272.0,2.779441716487826,[6400|0|0|0],fly
6300,0.6829163432121277,0.8084092736244202,1.4155523777008057,0.3621495366096496,-0.2904125452041626,2.3096518516540527,3.388671875,0,fly,7.6,0,272.0,2.7876116862660125,[6400|0|0|0],fly
6400,0.6852108836174011,0.8050434589385986,1.4091544151306152,-0.333776980638504,-0.0757443308830261,1.821934461593628,3.822265625,0,fly,7.6,0,270.0,2.795196378034323,[6400|0|0|0],fly
6500,0.6871996521949768,0.8025676012039185,1.3870320320129397,0.3344845175743103,0.1614584326744079,1.6234029531478882,3.81640625,0,fly,7.6,0,270.0,2.817545537006928,[6400|0|0|0],fly
6600,0.6869840025901794,0.8009080290794373,1.3261197805404663,-0.5531441569328308,0.3501929044723511,0.9764456152915956,3.58984375,0,fly,7.6,0,270.0,2.878480773642509,[6400|0|0|0],fly
6700,0.6845748424530029,0.8000171780586243,1.2274861335754397,-1.2299741506576538,-0.265615850687027,0.10496187210083,3.42578125,0,fly,7.6,0,270.0,2.977147860260739,[6400|0|0|0],fly
6800,0.6829285621643066,0.799176812171936,1.1091135740280151,-1.114685297012329,-0.2583499848842621,-0.3983235359191894,3.42578125,0,fly,7.6,0,270.0,3.0955348498644155,[6400|0|0|0],fly
6900,0.6827288866043091,0.7997742295265198,0.9839754700660706,-0.2033511102199554,-1.6793056726455688,-1.66865336894989,3.404296875,0,fly,7.6,0,270.0,3.2206745391760614,[6400|0|0|0],fly
7000,0.6864490509033203,0.800653874874115,0.8580316305160522,-0.0399504266679286,-2.098409652709961,-2.0210814476013184,3.39453125,0,fly,7.6,0,270.0,3.346676380904466,[6400|0|0|0],fly
7100,0.6925700306892395,0.8048009872436523,0.7308322787284851,-0.1650083661079406,-1.5267378091812134,-1.1926121711730957,3.388671875,0,fly,7.6,0,270.0,3.4740904304819065,[6400|0|0|0],fly
7200,0.7050986886024475,0.8071644306182861,0.6057522892951965,1.4637216329574585,-0.4571279287338257,0.0328766219317913,3.404296875,0,fly,7.6,0,270.0,3.599818537483972,[6400|0|0|0],fly
7300,0.7189934253692627,0.8092908263206482,0.4822192192077636,0.7292020916938782,1.6369580030441284,0.7329240441322327,3.345703125,0,fly,7.6,0,270.0,3.724148761780917,[6400|0|0|0],fly
7400,0.7342249155044556,0.809705913066864,0.3646517097949981,0.8599600791931152,2.761247158050537,1.0134738683700562,3.314453125,0,fly,7.6,0,270.0,3.842699551986069,[6400|0|0|0],fly
7500,0.7465400099754333,0.8108672499656677,0.2615807652473449,1.42014741897583,3.4453067779541016,0.997378945350647,3.283203125,0,fly,7.6,0,270.0,3.946510099933602,[6400|0|0|0],fly
7600,0.7538772225379944,0.8107719421386719,0.1804143339395523,1.0043702125549316,3.482605218887329,0.4259735941886902,3.29296875,0,fly,7.6,0,270.0,4.028007543715678,[6400|0|0|0],fly
7700,0.7567455768585205,0.8087689876556396,0.1214856952428817,0.8861503005027771,3.767635107040405,0.4354035258293152,3.314453125,0,fly,7.6,0,270.0,4.087039939413396,[6400|0|0|0],fly
7800,0.7533798813819885,0.8050468564033508,0.0820193365216255,0.5410875678062439,3.4647650718688965,1.0828160047531128,3.326171875,0,fly,7.6,0,270.0,4.126824052295486,[6400|0|0|0],fly
7900,0.7426820993423462,0.8012070655822754,0.05457678809762,1.215277075767517,2.196737051010132,2.1805434226989746,3.326171875,0,fly,7.6,0,270.0,4.156527250744832,[6400|0|0|0],fly
8000,0.7293021082878113,0.7920380234718323,0.0392456427216529,2.0936062335968018,0.2761297225952148,2.905768394470215,3.416015625,0,fly,7.6,0,270.0,4.1788462899800125,[6400|0|0|0],fly
8100,0.7148764729499817,0.7774828672409058,0.0313814021646976,0.4276836216449737,-0.5704882740974426,2.0610759258270264,3.431640625,0,fly,7.6,0,270.0,4.200796183085547,[6400|0|0|0],fly
8200,0.7015875577926636,0.7602577805519104,0.02882756665349,-0.9009973406791688,-2.277458667755127,1.1034127473831177,3.3984375,0,fly,7.6,0,270.0,4.222700998841908,[6400|0|0|0],fly
8300,0.69283127784729,0.7459914684295654,0.0317260436713695,-2.9061543941497803,-2.159618854522705,0.5310947299003601,3.42578125,0,fly,7.6,0,270.0,4.239689267413986,[6400|0|0|0],fly
8400,0.6863029599189758,0.7349455952644348,0.0360775552690029,-2.764261484146118,-1.872854232788086,0.8387467861175537,3.39453125,0,fly,7.6,0,270.0,4.253237916872056,[6400|0|0|0],fly
8500,0.6817207932472229,0.7288694977760315,0.0374873243272304,-2.538167953491211,-1.2221784591674805,0.5349433422088623,3.419921875,0,fly,7.6,0,270.0,4.260977597801774,[6400|0|0|0],fly
8600,0.6785886883735657,0.7254802584648132,0.0356134809553623,-1.5197290182113647,-1.3700082302093506,0.2533247470855713,3.3984375,0,fly,7.6,0,270.0,4.265958392219393,[6400|0|0|0],fly
8700,0.6769179701805115,0.7237316966056824,0.0310127530246973,-2.603740930557251,-1.881834387779236,-0.4613464474678039,3.373046875,0,fly,7.6,0,270.0,4.271156032582848,[6400|0|0|0],fly
8800,0.6764267086982727,0.7255867123603821,0.0269152298569679,-1.92326295375824,-0.4004984200000763,-0.5410633683204651,3.326171875,0,fly,7.6,0,270.0,4.2756806449866005,[6400|0|0|0],fly
8900,0.6778249144554138,0.7309419512748718,0.0260080657899379,-0.8383411169052124,-1.5701239109039309,0.5650678277015686,3.3046875,0,fly,7.6,0,270.0,4.281289255314933,[6400|0|0|0],fly
9000,0.6805028915405273,0.7370938658714294,0.0290816184133291,0.0743997767567634,-0.8556830883026123,1.813353180885315,3.419921875,0,fly,7.6,0,270.0,4.2886692512634745,[6400|0|0|0],fly
9100,0.6845902800559998,0.7418677806854248,0.0337350293993949,1.41668438911438,-0.0460672006011009,1.9929301738739007,3.41015625,0,fly,7.6,0,270.0,4.296489177179552,[6400|0|0|0],fly
9200,0.6885170340538025,0.7441599369049072,0.0361716002225875,1.0333880186080933,1.11174476146698,1.8014898300170896,3.435546875,0,fly,7.6,0,270.0,4.301647689995297,[6400|0|0|0],fly
9300,0.6900225281715393,0.7432699799537659,0.0357218235731124,0.0497828051447868,0.1604810655117035,1.7888747453689575,3.416015625,0,fly,7.6,0,270.0,4.30345346820644,[6400|0|0|0],fly
9400,0.6900808215141296,0.7408265471458435,0.0336929336190223,-0.4196206927299499,0.0667387470602989,1.0987188816070557,3.404296875,0,F1,7.6,0,270.0,4.306629968866983,[6400|0|100|0],second_intermediate
9500,0.6888107657432556,0.7378919124603271,0.0311142336577177,-1.2389140129089355,0.6730186343193054,0.6600504517555237,3.39453125,0,F1,7.6,0,270.0,4.3107378656389335,[6400|0|200|0],second_intermediate
9600,0.6861696243286133,0.7366455793380737,0.0286136493086814,-1.3580710887908936,-0.3201980292797088,0.7225162982940674,3.388671875,0,F1,7.6,0,270.0,4.314582588816278,[6400|0|300|0],second_intermediate
9700,0.6832519173622131,0.7371077537536621,0.029130620881915,-0.9584738612174988,-0.9691148996353148,1.4797443151474,3.388671875,0,F1,7.6,0,270.0,4.317581568432703,[6400|0|400|0],second_intermediate
9800,0.6814063787460327,0.7391117215156555,0.0307498592883348,-1.1873247623443604,-0.5883886814117432,1.9077253341674805,3.357421875,0,F1,7.6,0,270.0,4.320750769056165,[6400|0|500|0],second_intermediate
9900,0.6804879307746887,0.7413842678070068,0.0313705056905746,-0.1899635195732116,-1.4547734260559082,1.3890447616577148,3.3203125,0,F1,7.6,0,270.0,4.323279249880497,[6400|0|600|0],second_intermediate
10000,0.6804404258728027,0.7443881630897522,0.0317220948636531,-0.6075748205184937,-0.8052065372467041,0.4108840823173523,3.447265625,0,F1,7.6,0,270.0,4.32630402400959,[6400|0|700|0],second_intermediate
10100,0.6813255548477173,0.7483367919921875,0.032405599951744,-0.1875221282243728,0.035864982753992,-0.1750304102897644,3.419921875,0,F1,7.6,0,270.0,4.330407961474614,[6400|0|800|0],second_intermediate
10200,0.6820833086967468,0.7529918551445007,0.0345541760325431,-1.0103461742401123,-0.2477144002914428,-0.8701733946800232,3.42578125,0,F1,7.6,0,270.0,4.335590642539732,[6400|0|900|0],second_intermediate
10300,0.6821849942207336,0.7603864669799805,0.0380062088370323,-0.1424604654312133,0.2608148157596588,-0.3644457161426544,3.435546875,0,F1,7.6,0,270.0,4.343751963182034,[6400|0|1000|0],second_intermediate
10400,0.6836324334144592,0.7690733075141907,0.0423250645399093,-0.5104336738586426,-0.0077769528143107,0.1769469678401947,3.42578125,0,F1,7.6,0,270.0,4.353560571302894,[6400|0|1100|0],second_intermediate
10500,0.6854533553123474,0.7784255743026733,0.044596005231142,0.4255343973636627,0.5598818063735962,0.350090891122818,3.416015625,0,F1,7.6,0,270.0,4.363355356765795,[6400|0|1200|0],second_intermediate
10600,0.6863913536071777,0.786907434463501,0.043724063783884,0.9880996942520142,-0.181059256196022,1.1771657466888428,3.3984375,0,F1,7.6,0,270.0,4.371933356210676,[6400|0|1300|0],second_intermediate
10700,0.6864892244338989,0.7930342555046082,0.0430086478590965,-0.0609284341335296,0.1514781564474105,1.6283541917800903,3.39453125,0,F1,7.6,0,270.0,4.37810258101724,[6400|0|1400|0],second_intermediate
10800,0.685291051864624,0.7979865074157715,0.0428138338029384,0.1953634172677993,0.6807631850242615,1.446264386177063,3.388671875,0,F1,7.6,0,270.0,4.383201440596976,[6400|0|1500|0],second_intermediate
10900,0.6823365688323975,0.8025133609771729,0.0455964617431163,0.0771751403808593,0.3992940187454223,0.7243663668632507,3.3828125,0,F1,7.6,0,270.0,4.389281275414431,[6400|0|1600|0],second_intermediate
11000,0.6784946322441101,0.8071280121803284,0.049173068255186,-0.8207160830497742,-0.3822768032550812,0.0342058613896369,3.3984375,0,F1,7.6,0,270.0,4.396270380980767,[6400|0|1700|0],second_intermediate
11100,0.6735541820526123,0.812660813331604,0.0523090213537216,-0.0434257201850414,0.3855751156806946,-0.4032679498195648,3.39453125,0,F1,7.6,0,270.0,4.404323587702964,[6400|0|1800|0],second_intermediate
11200,0.6672894954681396,0.8186002969741821,0.0544415563344955,-0.0541402697563171,0.0494573265314102,-0.9393306970596312,3.37890625,0,F1,7.6,0,270.0,4.413215801678479,[6400|0|1900|0],second_intermediate
11300,0.6589871048927307,0.8243917226791382,0.0553920827805995,-0.2073065042495727,0.2697982490062713,-1.6478309631347656,3.890625,0,F1,7.6,0,270.0,4.423383092442857,[6400|0|2000|0],second_intermediate
11400,0.649914026260376,0.8302478194236755,0.0355596281588077,-0.3298983871936798,0.1794896572828292,-3.536648988723755,3.974609375,0,F1,7.6,0,270.0,4.445964963075639,[6400|0|2100|0],second_intermediate
11500,0.6399568915367126,0.8355662822723389,0.0,-0.9402814507484436,-2.778580665588379,-6.699922561645508,3.974609375,0,F1,7.6,0,270.0,4.483273376788506,[6400|0|2200|0],second_intermediate
11600,0.6295468211174011,0.8431476354598999,0.0,-2.9295244216918945,1.485520601272583,-10.094473838806152,3.98046875,0,F1,7.6,0,270.0,4.496151516494596,[6400|0|2300|0],second_intermediate
11700,0.6250795722007751,0.8490403890609741,0.0,-4.730251789093018,2.9318227767944336,-8.467485427856445,3.98046875,0,F1,7.6,0,270.0,4.503546167120965,[6400|0|2400|0],second_intermediate
11800,0.6256048679351807,0.8486225008964539,0.0,-4.843176364898682,3.0956764221191406,-8.440736770629883,3.984375,0,F1,7.6,0,270.0,4.5042174093474605,[6400|0|2500|0],second_intermediate
11900,0.6262833476066589,0.8482613563537598,0.0,-4.894961357116699,3.196364641189575,-8.39456558227539,3.984375,0,F1,7.6,0,270.0,4.504986018510382,[6400|0|2600|0],second_intermediate
12000,0.6260139346122742,0.847671627998352,0.0,-4.858514785766602,3.26901650428772,-8.324923515319824,3.984375,0,F1,7.6,0,270.0,4.505634372499123,[6400|0|2700|0],second_intermediate
12100,0.6285095810890198,0.8474586606025696,0.0,-2.0818212032318115,0.8564885258674622,-8.212899208068848,3.990234375,0,F1,7.6,0,270.0,4.508139089339119,[6400|0|2800|0],second_intermediate
12200,0.6316881775856018,0.8493644595146179,0.0,-2.251491069793701,-0.2038414627313614,-8.106649398803711,3.990234375,0,F1,7.6,0,270.0,4.511845238982786,[6400|0|2900|0],second_intermediate
12300,0.6621436476707458,0.8110600709915161,0.0,-6.373255252838135,9.231505393981934,-15.932764053344728,3.99609375,0,F1,7.6,0,270.0,4.560781542870961,[6400|0|3000|0],second_intermediate
12400,0.7112246751785278,0.7547024488449097,0.0290983822196722,-7.497384548187256,16.13250732421875,-8.06179141998291,3.99609375,0,F1,7.6,0,270.0,4.640980325174943,[6400|0|3100|0],second_intermediate
12500,0.7463446259498596,0.718403160572052,0.0205144584178924,-1.825725078582764,13.547602653503418,-7.650447368621826,3.99609375,0,F1,7.6,0,270.0,4.692212473471999,[6400|0|3200|0],second_intermediate
12600,0.7468051314353943,0.7136151194572449,0.0,5.950699329376221,6.92464542388916,-8.37022876739502,3.99609375,0,F1,7.6,0,270.0,4.713283316055976,[6400|0|3300|0],second_intermediate
12700,0.7533793449401855,0.7070267200469971,0.0,1.299954175949097,-0.6006067991256714,-11.90770435333252,3.99609375,0,F1,7.6,0,270.0,4.722590694311721,[6400|0|3400|0],second_intermediate
12800,0.7607904672622681,0.7013221979141235,0.0,2.323237180709839,-1.7517720460891724,-11.112154960632324,4.0,0,F1,7.6,0,270.0,4.731943036629949,[6400|0|3500|0],second_intermediate
12900,0.7686731219291687,0.6923292875289917,0.0,2.2289953231811523,-1.9320913553237915,-12.662349700927734,4.0,0,F1,7.6,0,270.0,4.743901660371527,[6400|0|3600|0],second_intermediate
13000,0.7522233128547668,0.7206637263298035,0.0,2.0611579418182373,-1.609904646873474,-11.834125518798828,4.0,0,F1,7.6,0,270.0,4.77666500331362,[6400|0|3700|0],second_intermediate
13100,0.7520967125892639,0.7207300066947937,0.0,2.0051825046539307,-1.4366027116775513,-11.420394897460938,4.0,0,F1,7.6,0,270.0,4.776807904377328,[6400|0|3800|0],second_intermediate
13200,0.7520120739936829,0.7209256291389465,0.0,1.9463399648666384,-1.29730486869812,-11.20977020263672,4.0078125,0,F1,7.6,0,270.0,4.77702105182047,[6400|0|3900|0],second_intermediate
13300,0.7519909143447876,0.7211691737174988,0.0,1.88654100894928,-1.2008367776870728,-11.084826469421388,4.0078125,0,F1,7.6,0,270.0,4.777265513867593,[6400|0|4000|0],second_intermediate
13400,0.7518197894096375,0.7212506532669067,0.0,1.8353451490402224,-1.1201038360595703,-10.991201400756836,4.0078125,0,F1,7.6,0,270.0,4.777455046609888,[6400|0|4100|0],second_intermediate
13500,0.7517765760421753,0.7212535738945007,0.0,1.8021461963653564,-1.0512999296188354,-10.910667419433594,4.0078125,0,F1,7.6,0,270.0,4.777498358561968,[6400|0|4200|0],second_intermediate
13600,0.7517732381820679,0.721484363079071,0.0,1.7643760442733765,-1.0088142156600952,-10.85897731781006,4.05859375,0,F1,7.6,0,270.0,4.777729171882695,[6400|0|4300|0],second_intermediate
13700,0.751481831073761,0.7213832139968872,0.0,1.7429773807525637,-0.9654056429862976,-10.82528018951416,4.09765625,0,F1,7.6,0,270.0,4.778037634586434,[6400|0|4400|0],second_intermediate
13800,0.7514636516571045,0.7216978669166565,0.0,1.712191462516785,-0.92427396774292,-10.79730224609375,4.09765625,0,F1,7.6,0,270.0,4.7783528122365135,[6400|0|4500|0],second_intermediate
13900,0.7515459656715393,0.721462070941925,0.0,1.7017425298690796,-0.911409854888916,-10.789957046508787,4.09765625,0,F1,7.6,0,270.0,4.77860256278941,[6400|0|4600|0],second_intermediate
14000,0.7515250444412231,0.7217271327972412,0.0,1.6826915740966797,-0.8910660147666931,-10.78299331665039,4.1015625,0,F1,7.6,0,270.0,4.778868449015119,[6400|0|4700|0],second_intermediate
14100,0.7513203620910645,0.7214965224266052,0.0,1.6818872690200806,-0.8766747713088989,-10.768141746520996,4.1015625,0,F1,7.6,0,270.0,4.77917679299108,[6400|0|4800|0],second_intermediate
14200,0.7510865926742554,0.72185218334198,0.0,1.6630624532699585,-0.8580957055091858,-10.76872444152832,4.1015625,0,F1,7.6,0,270.0,4.779602401763264,[6400|0|4900|0],second_intermediate
14300,0.7512925267219543,0.7215421199798584,0.0,1.6691876649856567,-0.8612319231033325,-10.768383979797363,4.1015625,0,F1,7.6,0,270.0,4.779974622290011,[6400|0|5000|0],second_intermediate
14400,0.7515167593955994,0.7215650677680969,0.0,1.6630363464355469,-0.8640731573104858,-10.779098510742188,4.10546875,0,F1,7.6,0,270.0,4.780200026134066,[6400|0|5100|0],second_intermediate
14500,0.7512841820716858,0.7216302752494812,0.0,1.6608161926269531,-0.8508137464523315,-10.78880214691162,4.10546875,0,F1,7.6,0,270.0,4.780441571631286,[6400|0|5200|0],second_intermediate
14600,0.7514100670814514,0.7219589352607727,0.0,1.6550356149673462,-0.8461081385612488,-10.806946754455566,4.10546875,0,F1,7.6,0,270.0,4.780793515431779,[6400|0|5300|0],second_intermediate
14700,0.7512543797492981,0.721687912940979,0.0,1.6622967720031738,-0.846802830696106,-10.810667991638184,4.10546875,0,F1,7.6,0,270.0,4.7811060720558,[6400|0|5400|0],second_intermediate
14800,0.7513039708137512,0.7216518521308899,0.0,1.6655552387237549,-0.8548263907432556,-10.804593086242676,4.10546875,0,F1,7.6,0,270.0,4.781167388087129,[6400|0|5500|0],second_intermediate
14900,0.7513473033905029,0.7218334078788757,0.0,1.6591215133666992,-0.8572131395339966,-10.80903148651123,4.11328125,0,F1,7.6,0,270.0,4.781354043389316,[6400|0|5600|0],second_intermediate
15000,0.7514326572418213,0.7216789126396179,0.0,1.664568305015564,-0.8667877912521362,-10.824525833129885,4.11328125,0,F1,7.6,0,270.0,4.781530548513571,[6400|0|5700|0],second_intermediate
15100,0.7512181997299194,0.7215663194656372,0.0,1.6633260250091553,-0.86665940284729,-10.81990909576416,4.11328125,0,F1,7.6,0,270.0,4.781772765868932,[6400|0|5800|0],second_intermediate
15200,0.7513994574546814,0.7216278314590454,0.0,1.6640876531600952,-0.8788420557975769,-10.821869850158691,4.11328125,0,F1,7.6,0,270.0,4.781964176652638,[6400|0|5900|0],second_intermediate
15300,0.7515019178390503,0.7216271758079529,0.0,1.6660584211349487,-0.8785246014595032,-10.812041282653809,4.1171875,0,F1,7.6,0,270.0,4.782066639134763,[6400|0|6000|0],second_intermediate
15400,0.7513463497161865,0.721705436706543,0.0,1.663431167602539,-0.8704277276992798,-10.810626029968262,4.11328125,0,F1,7.6,0,270.0,4.782240783354017,[6400|0|6100|0],second_intermediate
15500,0.7513723969459534,0.721612274646759,0.0,1.668939232826233,-0.8743535876274109,-10.813190460205078,4.1171875,0,F1,7.6,0,270.0,4.782337518185188,[6400|0|6200|0],second_intermediate
15600,0.7514557838439941,0.7216019034385681,0.0,1.6643246412277222,-0.8728514313697815,-10.808548927307127,4.1171875,0,F1,7.6,0,270.0,4.782421547565313,[6400|0|6300|0],second_intermediate
15700,0.751200258731842,0.7217608690261841,0.0,1.6569087505340576,-0.8645410537719727,-10.808568954467772,4.1171875,0,F1,7.6,0,270.0,4.782722484670015,[6400|0|6400|0],second_intermediate
15800,0.7512906789779663,0.7218498587608337,0.0,1.6566838026046753,-0.8651353716850281,-10.802831649780272,4.1171875,0,F1,7.6,0,270.0,4.782849350716624,[6400|0|6500|0],second_intermediate
15900,0.7515653371810913,0.7216174602508545,0.0,1.6656529903411863,-0.8749321699142456,-10.800795555114746,4.1171875,0,F1,7.6,0,270.0,4.78320913703652,[6400|0|6600|0],second_intermediate
16000,0.7513313889503479,0.7212925553321838,0.0,1.673920750617981,-0.8565136194229126,-10.800910949707031,4.1171875,0,F1,7.6,0,270.0,4.783609505592784,[6400|0|6700|0],second_intermediate
16100,0.7514122724533081,0.7214226126670837,0.0,1.669221043586731,-0.8601779341697693,-10.79237461090088,4.1171875,0,F1,7.6,0,270.0,4.783762662543042,[6400|0|6800|0],second_intermediate
16200,0.7515301704406738,0.7215864658355713,0.0,1.66323983669281,-0.8603302240371704,-10.79625415802002,4.12109375,0,F1,7.6,0,270.0,4.783964523376906,[6400|0|6900|0],second_intermediate
16300,0.7514596581459045,0.7214766144752502,0.0,1.6710069179534912,-0.8572435975074768,-10.81047248840332,4.12109375,0,F1,7.6,0,270.0,4.7840950580660815,[6400|0|7000|0],second_intermediate
16400,0.7516130805015564,0.721661388874054,0.0,1.6609280109405518,-0.8649653196334839,-10.807583808898926,4.12109375,0,F1,7.6,0,270.0,4.784335224670061,[6400|0|7100|0],second_intermediate
16500,0.7514238357543945,0.7214477062225342,0.0,1.671464204788208,-0.8568078875541687,-10.801950454711914,4.12109375,0,F1,7.6,0,270.0,4.784620660914936,[6400|0|7200|0],second_intermediate
16600,0.7513503432273865,0.7214269042015076,0.0,1.6748172044754028,-0.8614245057106018,-10.79008960723877,4.12109375,0,F1,7.6,0,270.0,4.784697040726437,[6400|0|7300|0],second_intermediate
16700,0.751552939414978,0.7213003635406494,0.0,1.6814240217208862,-0.8612587451934814,-10.793490409851074,4.12109375,0,F1,7.6,0,270.0,4.784935908376145,[6400|0|7400|0],second_intermediate
16800,0.7514228820800781,0.7215659618377686,0.0,1.6763907670974731,-0.8579136729240417,-10.79467487335205,4.12890625,0,F1,7.6,0,270.0,4.785231640291558,[6400|0|7500|0],second_intermediate
16900,0.7513059377670288,0.7216376662254333,0.0,1.6765756607055664,-0.8541730046272278,-10.793806076049805,4.12890625,0,F1,7.6,0,270.0,4.785368817153911,[6400|0|7600|0],second_intermediate
17000,0.7512691617012024,0.7215977907180786,0.0,1.6732631921768188,-0.8598747253417969,-10.812957763671877,4.12890625,0,F1,7.6,0,270.0,4.785423062292905,[6400|0|7700|0],second_intermediate
17100,0.7514497637748718,0.7217702269554138,0.0,1.6718705892562866,-0.8622522950172424,-10.81536102294922,4.12890625,0,F1,7.6,0,270.0,4.7856727648458754,[6400|0|7800|0],second_intermediate
17200,0.7511890530586243,0.7216919660568237,0.0,1.6781991720199585,-0.859792947769165,-10.809621810913086,4.12890625,0,F1,7.6,0,270.0,4.7859449685303,[6400|0|7900|0],second_intermediate
17300,0.7513440847396851,0.7213996648788452,0.0,1.6823290586471558,-0.8712400197982788,-10.812822341918944,4.12890625,0,F1,7.6,0,270.0,4.786275838294377,[6400|0|8000|0],second_intermediate
17400,0.7514659762382507,0.7217316627502441,0.0,1.6771742105484009,-0.8699033856391907,-10.802807807922363,4.1328125,0,F1,7.6,0,270.0,4.786629504979317,[6400|0|8100|0],second_intermediate
17500,0.7512567639350891,0.7214654088020325,0.0,1.689665913581848,-0.8667616248130798,-10.791834831237791,4.1328125,0,F1,7.6,0,270.0,4.786968121211551,[6400|0|8200|0],second_intermediate
17600,0.7513947486877441,0.721328854560852,0.0,1.6916645765304563,-0.8728424310684204,-10.815719604492188,4.1328125,0,F1,7.6,0,270.0,4.787162252231096,[6400|0|8300|0],second_intermediate
17700,0.7514621615409851,0.721650242805481,0.0,1.681272268295288,-0.8772624135017395,-10.82343578338623,4.1328125,0,F1,7.6,0,270.0,4.7874906344726496,[6400|0|8400|0],second_intermediate
17800,0.7514960765838623,0.7215105891227722,0.0,1.6814559698104858,-0.8740232586860657,-10.815348625183104,4.1328125,0,F1,7.6,0,270.0,4.787634347315595,[6400|0|8500|0],second_intermediate
17900,0.751192033290863,0.7216795682907104,0.0,1.678135633468628,-0.8677765727043152,-10.81966495513916,4.1328125,0,F1,7.6,0,270.0,4.78798219251567,[6400|0|8600|0],second_intermediate
18000,0.7515631914138794,0.7214566469192505,0.0,1.679121494293213,-0.8773627281188965,-10.804869651794434,4.1328125,0,F1,7.6,0,270.0,4.788415150123449,[6400|0|8700|0],second_intermediate
18100,0.7513277530670166,0.7215359807014465,0.0,1.6720566749572754,-0.8738664388656616,-10.812843322753906,4.1328125,0,F1,7.6,0,270.0,4.788663595417571,[6400|0|8800|0],second_intermediate
18200,0.7513905763626099,0.7217599749565125,0.0,1.6616405248641968,-0.8765301704406738,-10.81202793121338,4.1328125,0,F1,7.6,0,270.0,4.788896232888266,[6400|0|8900|0],second_intermediate
18300,0.7513885498046875,0.7214590311050415,0.0,1.669851303100586,-0.868317186832428,-10.802288055419922,4.1328125,0,F1,7.6,0,270.0,4.789197183563087,[6400|0|9000|0],second_intermediate
18400,0.7516078948974609,0.7216007709503174,0.0,1.6688603162765503,-0.8746963739395142,-10.800374984741213,4.1328125,0,F1,7.6,0,270.0,4.789458339557586,[6400|0|9100|0],second_intermediate
18500,0.7512975335121155,0.7215501666069031,0.0,1.6751080751419067,-0.8650773167610168,-10.788150787353516,4.1328125,0,F1,7.6,0,270.0,4.789772799394586,[6400|0|9200|0],second_intermediate
18600,0.7511632442474365,0.7215684652328491,0.0,1.6698745489120483,-0.8636136651039124,-10.793512344360352,4.1328125,0,F1,7.6,0,270.0,4.789908329635933,[6400|0|9300|0],second_intermediate
18700,0.7513957619667053,0.7217212319374084,0.0,1.6658538579940796,-0.8682413697242737,-10.791874885559082,4.13671875,0,F1,7.6,0,270.0,4.790186542065196,[6400|0|9400|0],second_intermediate
18800,0.7514389753341675,0.7217013835906982,0.0,1.6649858951568604,-0.8656330704689026,-10.782458305358888,4.13671875,0,F1,7.6,0,270.0,4.790234095740075,[6400|0|9500|0],second_intermediate
18900,0.751479983329773,0.7215282320976257,0.0,1.6719971895217896,-0.8628942370414734,-10.79213523864746,4.13671875,0,F1,7.6,0,270.0,4.790412037009197,[6400|0|9600|0],second_intermediate
19000,0.7513173818588257,0.7218112349510193,0.0,1.666412115097046,-0.8594756126403809,-10.789146423339844,4.13671875,0,F1,7.6,0,270.0,4.790738426122654,[6400|0|9700|0],second_intermediate
19100,0.7514565587043762,0.721474289894104,0.0,1.676116704940796,-0.8700240254402161,-10.777079582214355,4.13671875,0,F1,7.6,0,270.0,4.791102983615674,[6400|0|9800|0],second_intermediate
19200,0.7515497803688049,0.7216686606407166,0.0,1.666656255722046,-0.8710854053497314,-10.80704402923584,4.13671875,0,F1,7.6,0,270.0,4.791318553246786,[6400|0|9900|0],second_intermediate
19300,0.7516170144081116,0.7222657799720764,0.0,1.6493308544158936,-0.8735308647155762,-10.747292518615724,4.13671875,0,F1,7.6,0,270.0,4.791919445842783,[6400|0|10000|0],second_intermediate
19400,0.7514290809631348,0.7220113277435303,0.0,1.6588425636291504,-0.8694158792495728,-10.731943130493164,4.13671875,0,F1,7.6,0,270.0,4.792235776233914,[6400|0|10100|0],second_intermediate
19500,0.7517828941345215,0.7222157716751099,0.0,1.647314429283142,-0.8780714273452759,-10.726595878601074,4.14453125,0,F1,7.6,0,270.0,4.792644409420778,[6400|0|10200|0],second_intermediate
19600,0.7515380382537842,0.722237765789032,0.0,1.6486884355545044,-0.8715757727622986,-10.73361110687256,4.14453125,0,F1,7.6,0,270.0,4.792890251124684,[6400|0|10300|0],second_intermediate
19700,0.7513675093650818,0.722234308719635,0.0,1.641664743423462,-0.8679482936859131,-10.740714073181152,4.14453125,0,F1,7.6,0,270.0,4.793060815051734,[6400|0|10400|0],second_intermediate
19800,0.7513711452484131,0.722207248210907,0.0,1.6384178400039673,-0.8725272417068481,-10.752655982971191,4.14453125,0,F1,7.6,0,270.0,4.79308811872878,[6400|0|10500|0],second_intermediate
19900,0.7515893578529358,0.7221630215644836,0.0,1.6412935256958008,-0.8836836218833923,-10.74224853515625,4.14453125,0,F1,7.6,0,270.0,4.793310768087697,[6400|0|10600|0],second_intermediate
20000,0.7517284154891968,0.7224061489105225,0.0,1.6355962753295898,-0.8798918128013611,-10.749640464782717,4.14453125,0,F1,7.6,0,270.0,4.793590853668538,[6400|0|10700|0],second_intermediate
20100,0.7519002556800842,0.7223078012466431,0.0,1.637709617614746,-0.8877305388450623,-10.742758750915527,4.14453125,0,F1,7.6,0,270.0,4.793788846886085,[6400|0|10800|0],second_intermediate
20200,0.7517130374908447,0.7221996784210205,0.0,1.64082932472229,-0.8849512338638306,-10.750216484069824,4.14453125,0,F1,7.6,0,270.0,4.794005044008644,[6400|0|10900|0],second_intermediate
20300,0.7516153454780579,0.7222681045532227,0.0,1.633512020111084,-0.8853419423103333,-10.745306015014648,4.14453125,0,F1,7.6,0,270.0,4.794124316238985,[6400|0|11000|0],second_intermediate
20400,0.751438319683075,0.722061276435852,0.0,1.6411538124084473,-0.8803830146789551,-10.730792045593262,4.14453125,0,F1,7.6,0,270.0,4.794396558781995,[6400|0|11100|0],second_intermediate
20500,0.7518041133880615,0.7223790884017944,0.0,1.634882926940918,-0.892501175403595,-10.745619773864746,4.14453125,0,F1,7.6,0,270.0,4.79488113022183,[6400|0|11200|0],second_intermediate
20600,0.7519084811210632,0.7223954200744629,0.0,1.6360623836517334,-0.8895514607429504,-10.741622924804688,4.14453125,0,F1,7.6,0,270.0,4.794986768033357,[6400|0|11300|0],second_intermediate
20700,0.7518342137336731,0.7226845026016235,0.0,1.6343492269515991,-0.8804849982261658,-10.74136734008789,4.14453125,0,F1,7.6,0,270.0,4.79528523805252,[6400|0|11400|0],second_intermediate
20800,0.7516084313392639,0.722446084022522,0.0,1.6481287479400637,-0.8779893517494202,-10.666241645812988,4.14453125,0,F1,7.6,0,270.0,4.79561359929945,[6400|0|11500|0],second_intermediate
20900,0.7519874572753906,0.7219533920288086,0.0,1.6767146587371826,-0.8984372615814209,-10.537747383117676,4.1484375,0,F1,7.6,0,270.0,4.796235214985326,[6400|0|11600|0],second_intermediate
21000,0.7516881227493286,0.7221347093582153,0.0,1.6617275476455688,-0.8844776153564453,-10.585245132446287,4.1484375,0,F1,7.6,0,270.0,4.7965851823158525,[6400|0|11700|0],second_intermediate
21100,0.7515115737915039,0.7223548889160156,0.0,1.6486247777938845,-0.8793268799781799,-10.619384765625,4.1484375,0,F1,7.6,0,270.0,4.796867403102086,[6400|0|11800|0],second_intermediate
21201,0.7516272068023682,0.7220813035964966,0.0,1.653443694114685,-0.8768787980079651,-10.643732070922852,4.1484375,0,F1,7.6,0,270.0,4.797164421485789,[6400|0|11900|0],second_intermediate
21301,0.7516199946403503,0.7220252156257629,0.0,1.6457254886627195,-0.8709475994110107,-10.680259704589844,4.1484375,0,F1,7.6,0,270.0,4.797220971249201,[6400|0|12000|0],second_intermediate
21401,0.7516136765480042,0.7224841713905334,0.0,1.63551127910614,-0.8622466921806335,-10.691545486450195,4.1484375,0,F1,7.6,0,270.0,4.79767997050008,[6400|0|12100|0],second_intermediate
21501,0.751882791519165,0.7219863533973694,0.0,1.6447240114212036,-0.8729735016822815,-10.71465301513672,4.1484375,0,F1,7.6,0,270.0,4.798245872984631,[6400|0|12200|0],second_intermediate
21601,0.7517217397689819,0.722132682800293,0.0,1.642050862312317,-0.8626724481582642,-10.72960376739502,4.1484375,0,F1,7.6,0,270.0,4.798463473445102,[6400|0|12300|0],second_intermediate
21701,0.7516796588897705,0.7223128080368042,0.0,1.638557195663452,-0.8544912934303284,-10.735267639160156,4.1484375,0,F1,7.6,0,270.0,4.7986484488521794,[6400|0|12400|0],second_intermediate
21801,0.7517163157463074,0.7222729921340942,0.0,1.644628405570984,-0.8484011292457581,-10.738319396972656,4.1484375,0,F1,7.6,0,270.0,4.798702569377304,[6400|0|12500|0],second_intermediate
21901,0.7516972422599792,0.7224529385566711,0.0,1.6428836584091189,-0.8468515872955322,-10.73941707611084,4.15234375,0,F1,7.6,0,270.0,4.79888352382704,[6400|0|12600|0],second_intermediate
22001,0.751483678817749,0.7222251296043396,0.0,1.6482917070388794,-0.8432349562644958,-10.728842735290527,4.1484375,0,fly,7.6,0,270.0,4.799195783755016,[6400|0|12600|0],fly
22101,0.752157986164093,0.721274733543396,0.0,1.6631863117218018,-1.0690187215805054,-10.809854507446287,3.044921875,0,fly,7.6,0,270.0,4.800361091898809,[6400|0|12600|0],fly
22202,0.7534318566322327,0.7207416296005249,0.0,-1.3594000339508057,-1.4595478773117063,-8.71493148803711,3.24609375,0,fly,7.6,0,270.0,4.801742013976083,[6400|0|12600|0],fly
22302,0.7579638361930847,0.724389374256134,0.0169339440762996,-2.762689113616944,2.940051317214966,-6.057461738586426,3.3046875,0,fly,7.6,0,270.0,4.819647413770328,[6400|0|12600|0],fly
22402,0.7577703595161438,0.73409104347229,0.0781832635402679,-1.516069412231445,4.1972761154174805,-3.458680391311645,3.37890625,0,fly,7.6,0,270.0,4.881660629729537,[6400|0|12600|0],fly
22502,0.7532503604888916,0.7450557351112366,0.1517765074968338,0.5195910930633545,2.8108584880828857,-0.6400822401046753,3.419921875,0,fly,7.6,0,270.0,4.956203371898002,[6400|0|12600|0],fly
22602,0.744920015335083,0.7557034492492676,0.2343142479658126,1.5139890909194946,2.223393678665161,0.4219424128532409,3.3828125,0,fly,7.6,0,270.0,5.039840965529522,[6400|0|12600|0],fly
22702,0.7348754405975342,0.7636207938194275,0.3224359452724457,1.558614730834961,0.7792448997497559,0.2861884534358978,3.3984375,0,fly,7.6,0,270.0,5.128885961811754,[6400|0|12600|0],fly
22802,0.7234881520271301,0.7671073079109192,0.4130121171474457,1.9260554313659668,-0.3464856743812561,0.1733779609203338,3.39453125,0,fly,7.6,0,270.0,5.220241689782283,[6400|0|12600|0],fly
22902,0.7129238247871399,0.7668229341506958,0.5052341222763062,1.319766879081726,-0.8921700119972229,0.8249632716178894,3.3515625,0,fly,7.6,0,270.0,5.313067247192173,[6400|0|12600|0],fly
23000,0.7039083242416382,0.7648347020149231,0.5979470014572144,0.5357694625854492,-2.27578353881836,1.4228168725967407,3.3671875,0,fly,7.6,0,270.0,5.406238649903119,[6400|0|12600|0],fly
23100,0.6936155557632446,0.766325831413269,0.6948500871658325,-1.1570942401885986,-1.5123111009597778,1.146531343460083,3.341796875,0,fly,7.6,0,270.0,5.503698244452266,[6400|0|12600|0],fly
23200,0.6958759427070618,0.7685438394546509,0.7818278074264526,-0.997026264667511,-1.0270764827728271,1.0512183904647827,3.341796875,0,fly,7.6,0,270.0,5.590733597789529,[6400|0|12600|0],fly
23300,0.7003105878829956,0.773992121219635,0.8805822134017944,-0.1307980418205261,-0.2003676295280456,0.6404820680618286,3.404296875,0,fly,7.6,0,270.0,5.689737549991296,[6400|0|12600|0],fly
23400,0.7052005529403687,0.7832404971122742,0.980743944644928,-0.0423329323530197,0.9566419124603271,-0.3543448746204376,3.3515625,0,fly,7.6,0,270.0,5.790444136769597,[6400|0|12600|0],fly
23500,0.711005687713623,0.7941922545433044,1.0815341472625732,1.541424036026001,1.6545945405960083,-0.617373526096344,3.3828125,0,fly,7.6,0,270.0,5.891993659290729,[6400|0|12600|0],fly
23600,0.7132604718208313,0.8042452335357666,1.1814578771591189,3.446446418762207,2.036328077316284,-1.5892372131347656,3.404296875,0,fly,7.6,0,270.0,5.992447122319292,[6400|0|12600|0],fly
23700,0.7140968441963196,0.8078896403312683,1.2720448970794678,3.9161570072174072,-0.0074736448004841,-2.888356208801269,3.416015625,0,fly,7.6,0,270.0,6.083111279502223,[6400|0|12600|0],fly
23800,0.7139435410499573,0.8038850426673889,1.3464088439941406,2.0677287578582764,2.517200231552124,-3.3633623123168945,3.3671875,0,fly,7.6,0,270.0,6.157583132608162,[6400|0|12600|0],fly
23900,0.7100032567977905,0.7952658534049988,1.403353214263916,1.358161687850952,1.1809511184692385,-3.3283140659332275,3.447265625,0,fly,7.6,0,270.0,6.215310747914443,[6400|0|12600|0],fly
24000,0.7020763158798218,0.7841742038726807,1.444069504737854,-0.6809561252593994,0.2290355712175369,-2.931751012802124,3.42578125,0,fly,7.6,0,270.0,6.258248812514782,[6400|0|12600|0],fly
24100,0.6917157769203186,0.7727990746498108,1.4713863134384155,-0.77822345495224,-0.1049882546067237,-2.357490301132202,3.3671875,0,fly,7.6,0,270.0,6.289600724257951,[6400|0|12600|0],fly
24200,0.6796690821647644,0.7622163891792297,1.488070011138916,-1.7551244497299194,-1.0385017395019531,-2.5687954425811768,3.404296875,0,fly,7.6,0,270.0,6.312740772988764,[6400|0|12600|0],fly
24300,0.6673259139060974,0.7542486786842346,1.497672200202942,-2.874867677688598,-1.392247438430786,-3.163303852081299,3.3515625,0,fly,7.6,0,270.0,6.330291848397842,[6400|0|12600|0],fly
24400,0.6567233800888062,0.7507461309432983,1.5022127628326416,-2.973876476287842,-2.23767352104187,-3.671002864837648,3.314453125,0,fly,7.6,0,270.0,6.342345821726938,[6400|0|12600|0],fly
24500,0.6482430100440979,0.7523418068885803,1.5047284364700315,-2.440226078033448,-2.506699800491333,-4.391833305358887,3.341796875,0,fly,7.6,0,270.0,6.351334229353842,[6400|0|12600|0],fly
24600,0.642319917678833,0.7572880983352661,1.505711555480957,-1.954842567443848,-2.553881883621216,-5.17870044708252,3.36328125,0,fly,7.6,0,270.0,6.359113390313269,[6400|0|12600|0],fly
24700,0.6396185159683228,0.7668406367301941,1.5072048902511597,-0.9177818894386292,-2.748913526535034,-5.496757507324219,3.3671875,0,fly,7.6,0,270.0,6.369152245313916,[6400|0|12600|0],fly
24800,0.6399784684181213,0.7779531478881836,1.5072581768035889,0.2577545940876007,-1.9832699298858645,-5.448923110961914,3.326171875,0,fly,7.6,0,270.0,6.380270712360196,[6400|0|12600|0],fly
24900,0.6420928835868835,0.7890413403511047,1.5047067403793335,1.2150648832321167,-1.5298885107040403,-5.057600975036621,3.41015625,0,fly,7.6,0,270.0,6.391843464471414,[6400|0|12600|0],fly
25000,0.6466785669326782,0.7981148958206177,1.5020796060562134,1.5297812223434448,-1.101451754570007,-3.8961901664733887,3.447265625,0,fly,7.6,0,335.0,6.402343928049654,[6400|0|12600|0],fly
25100,0.650852620601654,0.806466281414032,1.4971908330917358,-3.311365365982056,-4.920822143554688,-2.081193923950196,3.84375,0,fly,7.6,0,335.0,6.412882830575989,[6400|0|12600|0],fly
25200,0.663184642791748,0.8248956203460693,1.467307448387146,-19.44064140319824,-14.329947471618652,-10.734769821166992,3.80078125,0,fly,7.6,0,335.0,6.4500948714521815,[6400|0|12600|0],fly
25300,0.6885858774185181,0.8599967360496521,1.390511989593506,-17.537221908569336,-13.753915786743164,-10.445578575134276,3.66796875,0,fly,7.6,0,335.0,6.538270001367176,[6400|0|12600|0],fly
25400,0.7294696569442749,0.9032105207443236,1.2751866579055786,-14.970935821533203,-16.44013214111328,-9.448026657104492,3.41015625,0,fly,7.6,0,335.0,6.668034583379676,[6400|0|12600|0],fly
25500,0.7912280559539795,0.9662892818450928,1.1388529539108276,-6.015374660491943,-17.078489303588867,0.4203458130359649,3.16796875,0,fly,7.6,0,335.0,6.830453513296044,[6400|0|12600|0],fly
25600,0.8923290967941284,1.0207923650741575,1.0144665241241455,2.0204176902771,-7.241681098937988,-0.3586836457252502,3.236328125,0,fly,7.6,0,335.0,6.999757944589241,[6400|0|12600|0],fly
25700,1.0095183849334717,1.0844851732254028,0.90946763753891,5.88533353805542,-0.11175187677145,-2.535673141479492,3.298828125,0,fly,7.6,0,335.0,7.169507375365714,[6400|0|12600|0],fly
25800,1.13654887676239,1.1213717460632324,0.8337557911872864,9.3711576461792,0.5579159259796143,-9.938273429870604,3.330078125,0,fly,7.6,0,335.0,7.321920133322485,[6400|0|12600|0],fly
25900,1.2669837474822998,1.1349817514419556,0.778601884841919,4.368504524230957,1.9337767362594604,-18.76068878173828,3.330078125,0,fly,7.6,0,335.0,7.464189037624451,[6400|0|12600|0],fly
26000,1.3926199674606323,1.1409021615982056,0.7441835403442383,0.7181614637374878,7.239136219024658,-6.979957580566406,3.373046875,0,fly,7.6,0,335.0,7.594588935879102,[6400|0|12600|0],fly
26100,1.5038012266159058,1.1291133165359497,0.7235703468322754,-2.708338022232056,9.252058029174805,0.8993583917617798,3.419921875,0,fly,7.6,0,335.0,7.708277778788227,[6400|0|12600|0],fly
26200,1.593944072723389,1.1079994440078735,0.7127257585525513,-4.51694917678833,11.043641090393066,5.085105419158936,3.47265625,0,fly,7.6,0,335.0,7.801493300094745,[6400|0|12600|0],fly
26300,1.656029462814331,1.0807174444198608,0.7074688076972961,-5.924200534820557,11.344414710998535,7.010245323181152,3.47265625,0,fly,7.6,0,335.0,7.869511964419762,[6400|0|12600|0],fly
26400,1.7042173147201538,1.051015853881836,0.699867844581604,-7.607066631317139,10.056756019592283,7.091731548309326,3.46875,0,fly,7.6,0,335.0,7.926626132470012,[6400|0|12600|0],fly
26500,1.7249257564544678,1.023181438446045,0.6910263895988464,-8.540576934814453,8.48555850982666,6.796746253967285,3.447265625,0,fly,7.6,0,335.0,7.962427886169067,[6400|0|12600|0],fly
26600,1.7290693521499634,1.0016252994537354,0.6821494698524475,-8.998705863952637,5.348632335662842,6.221208095550537,3.419921875,0,fly,7.6,0,335.0,7.986105644038584,[6400|0|12600|0],fly
26700,1.7199875116348269,0.989607572555542,0.6776137948036194,-8.944528579711914,2.285519599914551,5.730355262756348,3.44140625,0,fly,7.6,0,335.0,8.001837075476647,[6400|0|12600|0],fly
26800,1.7037018537521362,0.9895301461219788,0.6740152835845947,-7.539795875549316,-0.3518889844417572,6.074475765228272,3.46875,0,fly,7.6,0,335.0,8.018515742405334,[6400|0|12600|0],fly
26900,1.6881097555160522,0.9991979598999025,0.6744506359100342,-6.053857326507568,-2.662402868270874,6.0967559814453125,3.45703125,0,fly,7.6,0,335.0,8.036867027981435,[6400|0|12600|0],fly
27000,1.675507426261902,1.0168423652648926,0.6738607883453369,-4.4024658203125,-3.228602170944214,5.152718544006348,3.45703125,0,fly,7.6,0,335.0,8.058557847778383,[6400|0|12600|0],fly
27100,1.667822003364563,1.040636658668518,0.6731271743774414,-2.0000557899475098,-3.1772327423095703,4.785916805267334,3.45703125,0,fly,7.6,0,335.0,8.083573289272442,[6400|0|12600|0],fly
27200,1.6662498712539673,1.066723346710205,0.672799289226532,-1.3160264492034912,-2.1814608573913574,3.1862246990203857,3.45703125,0,fly,7.6,0,335.0,8.10970936397829,[6400|0|12600|0],fly
27300,1.6672642230987549,1.094255447387695,0.6754451990127563,0.2494542300701141,-1.3102550506591797,2.066319942474365,3.484375,0,fly,7.6,0,335.0,8.13738690570398,[6400|0|12600|0],fly
27400,1.6713052988052368,1.12083101272583,0.6770763397216797,1.75681734085083,-0.4214621186256408,2.1413466930389404,3.484375,0,fly,7.6,0,335.0,8.164317401167661,[6400|0|12600|0],fly
27500,1.6756515502929688,1.1436283588409424,0.676845371723175,2.2004635334014893,0.5664487481117249,1.7881531715393066,3.47265625,0,fly,7.6,0,335.0,8.187526499342798,[6400|0|12600|0],fly
27600,1.6797949075698853,1.1628942489624023,0.676009476184845,2.394393920898437,1.1792207956314087,2.0921359062194824,3.46875,0,fly,7.6,0,335.0,8.20725061283485,[6400|0|12600|0],fly
27700,1.682399034500122,1.1750495433807373,0.675207793712616,2.4904239177703857,1.3998795747756958,2.3260068893432617,3.45703125,0,fly,7.6,0,335.0,8.219707552838377,[6400|0|12600|0],fly
27800,1.6823810338974,1.18702232837677,0.6747003197669983,2.0063469409942627,1.2745188474655151,2.618818998336792,3.47265625,0,fly,7.6,0,335.0,8.231691101327385,[6400|0|12600|0],fly
27900,1.6804460287094116,1.1940782070159912,0.6734276413917542,1.680606722831726,0.6700419783592224,2.631619453430176,3.484375,0,fly,7.6,0,335.0,8.239117364095142,[6400|0|12600|0],fly
28000,1.67610502243042,1.1979594230651855,0.6695484519004822,1.3221291303634644,0.7122510671615601,2.01798677444458,3.46875,0,fly,7.6,0,335.0,8.24611424087296,[6400|0|12600|0],fly
28100,1.6719268560409546,1.2009602785110474,0.6642711758613586,0.8724508285522461,-0.6885984539985657,1.6514979600906372,3.822265625,0,fly,7.6,0,335.0,8.253483898271925,[6400|0|12600|0],fly
28200,1.667818307876587,1.2030441761016846,0.6321889758110046,1.2841747999191284,-0.9619767069816588,2.087517499923706,3.736328125,0,fly,7.6,0,335.0,8.285895167257545,[6400|0|12600|0],fly
28300,1.664550542831421,1.203791260719299,0.5618664026260376,0.2450771033763885,-0.6015113592147827,4.5624871253967285,3.578125,0,fly,7.6,0,335.0,8.356297587124843,[6400|0|12600|0],fly
28400,1.6611796617507937,1.2046006917953491,0.4633485078811645,-0.2066247165203094,0.0607769005000591,4.303501129150391,3.3203125,0,fly,7.6,0,335.0,8.454876457086353,[6400|0|12600|0],fly
28500,1.6589080095291138,1.204770803451538,0.3644925057888031,-0.0420870818197727,-0.4155880808830261,3.739989519119263,3.251953125,0,fly,7.6,0,335.0,8.55375870266905,[6400|0|12600|0],fly
28600,1.6569938659667969,1.205868363380432,0.2805652916431427,0.0026894353795796,-0.067031905055046,3.228266477584839,3.283203125,0,fly,7.6,0,335.0,8.637714916600041,[6400|0|12600|0],fly
28700,1.6573138236999512,1.2069154977798462,0.2202050983905792,0.5248944759368896,-0.7358387112617493,3.0586531162261963,3.330078125,0,fly,7.6,0,335.0,8.69808503994668,[6400|0|12600|0],fly
28800,1.6586591005325315,1.2092034816741943,0.1777664124965667,0.2428806871175766,-0.1987841725349426,2.0762417316436768,3.373046875,0,fly,7.6,0,335.0,8.740606642697138,[6400|0|12600|0],fly
28900,1.660840392112732,1.211891531944275,0.151216983795166,0.0211024060845375,0.0449721664190292,0.6721236705780029,3.419921875,0,fly,7.6,0,335.0,8.767380805832204,[6400|0|12600|0],fly
29000,1.6635147333145142,1.2154936790466309,0.1380510628223419,0.1192730888724327,0.3953389525413513,0.0109167741611599,3.46875,0,fly,7.6,0,335.0,8.781290120684965,[6400|0|12600|0],fly
29100,1.6651456356048584,1.220064401626587,0.129658043384552,1.1673777103424072,0.610034167766571,0.3293030560016632,3.484375,0,fly,7.6,0,335.0,8.790985177284423,[6400|0|12600|0],fly
29200,1.665179967880249,1.223897099494934,0.1228600740432739,0.8989071846008301,1.0842993259429932,0.3801073729991913,3.494140625,0,fly,7.6,0,335.0,8.79878922359516,[6400|0|12600|0],fly
29300,1.6640503406524658,1.2268534898757937,0.1166289821267128,0.7458430528640747,0.7498898506164551,0.9799515008926392,3.46875,0,fly,7.6,0,335.0,8.805777986592316,[6400|0|12600|0],fly
29400,1.6623769998550415,1.229655623435974,0.1095054894685745,0.8771402835845947,0.7374584078788757,1.5529788732528689,3.44140625,0,fly,7.6,0,335.0,8.813613557379691,[6400|0|12600|0],fly
29500,1.6598492860794067,1.230379581451416,0.1060308143496513,1.5032565593719482,-0.3122335374355316,2.035705327987671,3.46875,0,fly,7.6,0,335.0,8.817970944133437,[6400|0|12600|0],fly
29600,1.658215880393982,1.2285608053207395,0.1039563342928886,2.133382558822632,-0.4943435192108154,2.6379568576812744,3.47265625,0,fly,7.6,0,335.0,8.821177098879017,[6400|0|12600|0],fly
29700,1.6586850881576538,1.222843050956726,0.1022319719195365,1.3777014017105105,-0.8049765229225159,2.8832848072052,3.48828125,0,fly,7.6,0,335.0,8.82716761609269,[6400|0|12600|0],fly
29800,1.6591230630874634,1.2155263423919678,0.0989656150341034,0.7644122838973999,-0.1609063893556594,1.9858301877975464,3.462890625,0,fly,7.6,0,335.0,8.835192273939837,[6400|0|12600|0],fly
29900,1.6602842807769775,1.2060279846191406,0.0949545130133628,-0.8672907948493958,-0.3421704769134521,0.2189761698246002,3.453125,0,fly,7.6,0,335.0,8.845568022892268,[6400|0|12600|0],fly
30000,1.661060452461243,1.1979821920394895,0.0946744084358215,-3.446617126464844,-0.4776999354362488,-1.1398961544036863,3.494140625,0,fly,7.6,0,335.0,8.853656018892055,[6400|0|12600|0],fly
30100,1.6622560024261477,1.196394681930542,0.0947579443454742,-2.2612435817718506,0.007457046303898,-1.062989592552185,3.505859375,0,fly,7.6,0,335.0,8.855645115750631,[6400|0|12600|0],fly
30200,1.66344153881073,1.2010594606399536,0.0923075824975967,0.2447981238365173,1.7911423444747925,-1.5887490510940552,3.5,0,fly,7.6,0,335.0,8.861046035127227,[6400|0|12600|0],fly
30300,1.6633363962173462,1.2065865993499756,0.0878836587071418,0.4216357171535492,-0.8264860510826111,-0.8346001505851746,3.431640625,0,fly,7.6,0,335.0,8.868126389566697,[6400|0|12600|0],fly
30400,1.6632786989212036,1.2094308137893677,0.0857424363493919,1.8433178663253784,0.1900805234909057,-0.0161417089402675,3.453125,0,fly,7.6,0,335.0,8.871686967882162,[6400|0|12600|0],fly
30500,1.6614291667938232,1.2088185548782349,0.0870441198348999,1.3592257499694824,0.7347890734672546,-0.0360108017921447,3.494140625,0,fly,7.6,0,335.0,8.874030044910542,[6400|0|12600|0],fly
30600,1.6585654020309448,1.2047966718673706,0.0900272503495216,1.0230391025543213,-0.164409801363945,-0.2348256856203079,3.509765625,0,fly,7.6,0,335.0,8.879798559384604,[6400|0|12600|0],fly
30700,1.6547943353652954,1.2003828287124634,0.0929932743310928,-1.032837152481079,-0.6921820640563965,-0.335501104593277,3.505859375,0,fly,7.6,0,335.0,8.88631778122867,[6400|0|12600|0],fly
30800,1.6518609523773191,1.19837749004364,0.0948082730174064,-1.6999876499176023,-0.3271560370922088,-0.4249738156795501,3.505859375,0,fly,7.6,0,335.0,8.89030781119875,[6400|0|12600|0],fly
30900,1.6490254402160645,1.1987097263336182,0.0962356552481651,-0.6569657921791077,-1.0685129165649414,-0.8136856555938721,3.505859375,0,fly,7.6,0,335.0,8.893499664923734,[6400|0|12600|0],fly
31000,1.6471185684204102,1.2007153034210205,0.0980240032076835,-0.4535526037216186,-0.6477082371711731,-1.4697864055633545,3.509765625,0,fly,7.6,0,335.0,8.896794613773547,[6400|0|12600|0],fly
31100,1.6453759670257568,1.2045832872390747,0.0991402119398117,0.2524314820766449,-0.3366040885448456,-1.6167463064193726,3.509765625,0,fly,7.6,0,335.0,8.901181398515366,[6400|0|12600|0],fly
31200,1.643605351448059,1.2092647552490234,0.0978510603308677,0.65977942943573,-1.102383017539978,-1.175753116607666,3.505859375,0,fly,7.6,0,335.0,8.906349873544134,[6400|0|12600|0],fly
31300,1.6430729627609253,1.2114378213882446,0.0965123251080513,1.1685436964035034,-1.268080711364746,-0.490183025598526,3.494140625,0,fly,7.6,0,335.0,8.908957145328284,[6400|0|12600|0],fly
31400,1.6431280374526978,1.2131023406982422,0.0948477089405059,0.4172273278236389,0.4223965108394623,0.6900927424430847,3.505859375,0,fly,7.6,0,335.0,8.911311843767635,[6400|0|12600|0],fly
31500,1.6428074836730957,1.2132103443145752,0.0951209813356399,0.4136921167373657,0.4193217754364013,2.1546554565429688,3.5,0,fly,7.6,0,335.0,8.911746696971257,[6400|0|12600|0],fly
31600,1.6400749683380127,1.2137324810028076,0.0973634496331214,-0.206591323018074,0.85625159740448,3.7544105052948,3.515625,0,fly,7.6,0,335.0,8.915319921123597,[6400|0|12600|0],fly
31700,1.6363937854766846,1.2137019634246826,0.0984779596328735,0.0702797323465347,0.5746097564697266,5.348679542541504,3.515625,0,fly,7.6,0,335.0,8.919166240288806,[6400|0|12600|0],fly
31800,1.6310163736343384,1.2127281427383425,0.0995107442140579,0.3985067903995514,0.2458608299493789,6.319113254547119,3.5,0,fly,7.6,0,335.0,8.924727852361082,[6400|0|12600|0],fly
31900,1.6261777877807615,1.2108347415924072,0.0989800170063972,0.2106505185365677,0.1617942303419113,7.023458003997803,3.509765625,0,fly,7.6,0,335.0,8.929950739716828,[6400|0|12600|0],fly
32000,1.6208115816116333,1.2094441652297974,0.0967807695269584,-0.1014635115861892,-0.1047631651163101,7.684365272521973,3.505859375,0,fly,7.6,0,335.0,8.935914510398675,[6400|0|12600|0],fly
32100,1.6170415878295898,1.2070167064666748,0.0960909277200698,0.1468379944562912,0.2584256529808044,8.73945426940918,3.505859375,0,fly,7.6,0,335.0,8.940451171162039,[6400|0|12600|0],fly
32200,1.6137386560440063,1.2033042907714844,0.0943605676293373,0.8019400238990784,-0.3413964509963989,9.930612564086914,3.505859375,0,fly,7.6,0,335.0,8.945712875706928,[6400|0|12600|0],fly
32300,1.610501050949097,1.1967852115631104,0.0908761471509933,1.381796956062317,-0.5001850724220276,11.04518699645996,3.494140625,0,fly,7.6,0,335.0,8.953782675366494,[6400|0|12600|0],fly
32400,1.6090418100357056,1.1864365339279177,0.0875746682286262,1.573264479637146,-1.083527684211731,10.954376220703123,3.494140625,0,fly,7.6,0,335.0,8.964742797442241,[6400|0|12600|0],fly
32500,1.6097792387008667,1.1716289520263672,0.085767351090908,1.6478090286254885,-0.3150186240673065,9.528056144714355,3.48828125,0,fly,7.6,0,335.0,8.979678482161852,[6400|0|12600|0],fly
32600,1.6115713119506836,1.1525976657867432,0.0859643816947937,1.6359751224517822,-0.6553803086280823,7.702813625335693,3.48828125,0,fly,7.6,0,335.0,8.998794972517722,[6400|0|12600|0],fly
32700,1.6148592233657837,1.1292957067489624,0.0866315066814422,0.5445603728294373,-0.868779182434082,5.517672061920166,3.494140625,0,fly,7.6,0,335.0,9.022337205041842,[6400|0|12600|0],fly
32800,1.6214863061904907,1.1041463613510132,0.0883069112896919,-0.152053028345108,-1.3682992458343506,4.152780055999756,3.494140625,0,fly,7.6,0,335.0,9.048398954432706,[6400|0|12600|0],fly
32900,1.6289345026016235,1.080035924911499,0.0939104333519935,-0.0231982190161943,-0.4414210617542267,2.7003629207611084,3.505859375,0,fly,7.6,0,335.0,9.074248291650232,[6400|0|12600|0],fly
33000,1.6353275775909424,1.0573641061782837,0.0989890918135643,-1.573772668838501,-0.1204506754875183,-0.654579758644104,3.9375,0,fly,7.6,0,335.0,9.0983455019506,[6400|0|12600|0],fly
33100,1.6406458616256714,1.0372352600097656,0.0762201845645904,-0.5220628380775452,-4.751824378967285,-8.404495239257812,3.94921875,0,fly,7.6,0,335.0,9.129198017738815,[6400|0|12600|0],fly
33200,1.646269679069519,1.017421007156372,0.0,-0.2942073345184326,-9.178540229797363,-19.11959457397461,3.953125,0,fly,7.6,0,335.0,9.208152108664114,[6400|0|12600|0],fly
33300,1.6628715991973877,1.0324251651763916,0.0,1.677823185920715,-2.6087567806243896,-27.773340225219727,3.953125,0,fly,7.6,0,335.0,9.230529519368256,[6400|0|12600|0],fly
33400,1.6758816242218018,1.031497359275818,0.0,2.3935344219207764,-1.2348841428756714,-35.6457633972168,3.958984375,0,fly,7.6,0,335.0,9.243572585530972,[6400|0|12600|0],fly
33500,1.6853501796722412,1.0302563905715942,0.0,1.8080124855041504,-1.4599934816360474,-35.171974182128906,3.958984375,0,fly,7.6,0,335.0,9.253122116704958,[6400|0|12600|0],fly
33600,1.6908754110336304,1.029869794845581,0.0,1.0411393642425537,-2.001812696456909,-34.821372985839844,3.958984375,0,fly,7.6,0,335.0,9.258660856439974,[6400|0|12600|0],fly
33700,1.6954522132873535,1.02922260761261,0.0,1.5543646812438965,-1.333166003227234,-34.521270751953125,3.96484375,0,fly,7.6,0,335.0,9.263283190286009,[6400|0|12600|0],fly
33800,1.7004905939102173,1.028690218925476,0.0,1.771088719367981,-1.027434229850769,-34.33525085449219,3.96484375,0,fly,7.6,0,335.0,9.268349620687683,[6400|0|12600|0],fly
33900,1.6972049474716189,1.0296670198440552,0.0,1.8212617635726929,-0.8784713745117188,-29.46170425415039,3.96484375,0,fly,7.6,0,335.0,9.271777391472614,[6400|0|12600|0],fly
34000,1.649719476699829,1.0342185497283936,0.0,1.9302387237548828,-0.435779720544815,-25.661808013916016,3.96875,0,fly,7.6,0,335.0,9.319480497856858,[6400|0|12600|0],fly
34100,1.6495819091796875,1.0343427658081057,0.0,1.7247906923294067,-0.4602173268795013,-28.1292781829834,3.96875,0,fly,7.6,0,335.0,9.319665847410558,[6400|0|12600|0],fly
34200,1.6494063138961792,1.034551739692688,0.0,1.6167206764221191,-0.3826404809951782,-29.933103561401367,3.96875,0,fly,7.6,0,335.0,9.31993880123088,[6400|0|12600|0],fly
34300,1.649423599243164,1.0350276231765747,0.0,1.5409098863601685,-0.3144329190254211,-31.2503719329834,3.974609375,0,fly,7.6,0,335.0,9.320414998536055,[6400|0|12600|0],fly
34400,1.6493122577667236,1.0348875522613523,0.0,1.5300946235656738,-0.256180465221405,-32.198734283447266,3.974609375,0,fly,7.6,0,335.0,9.32059393088547,[6400|0|12600|0],fly
34500,1.6492491960525513,1.0350748300552368,0.0,1.5238397121429443,-0.215549886226654,-32.93415451049805,3.974609375,0,fly,7.6,0,335.0,9.320791540986114,[6400|0|12600|0],fly
34600,1.6496044397354126,1.0352438688278198,0.0,1.5440971851348877,-0.1811414062976837,-33.48057556152344,3.974609375,0,fly,7.6,0,335.0,9.321184951942811,[6400|0|12600|0],fly
34700,1.6490859985351562,1.0351706743240356,0.0,1.572204351425171,-0.1603376865386963,-33.92608642578125,3.974609375,0,fly,7.6,0,335.0,9.321708534518445,[6400|0|12600|0],fly
34800,1.649139642715454,1.0355874300003052,0.0,1.5830466747283936,-0.1460181027650833,-34.24410629272461,3.98046875,0,fly,7.6,0,335.0,9.32212872851148,[6400|0|12600|0],fly
34900,1.649090051651001,1.0352391004562378,0.0,1.6049724817276,-0.1520808190107345,-34.48894119262695,3.98046875,0,fly,7.6,0,335.0,9.322480570443238,[6400|0|12600|0],fly
35000,1.6492866277694702,1.035581350326538,0.0,1.6085443496704102,-0.1526806354522705,-34.71637725830078,3.98046875,0,fly,7.6,0,335.0,9.32287525657686,[6400|0|12600|0],fly
35100,1.649208903312683,1.0352394580841064,0.0,1.6318345069885254,-0.1610732227563858,-34.89696502685547,3.98046875,0,fly,7.6,0,335.0,9.32322587231612,[6400|0|12600|0],fly
35200,1.6493184566497805,1.0352898836135864,0.0,1.640298843383789,-0.1538855284452438,-34.98921203613281,3.984375,0,fly,7.6,0,335.0,9.323346473591789,[6400|0|12600|0],fly
35300,1.649357795715332,1.0356426239013672,0.0,1.6409724950790403,-0.1548462212085724,-35.09494400024414,3.98046875,0,fly,7.6,0,335.0,9.32370140072896,[6400|0|12600|0],fly
35400,1.6490150690078735,1.0352895259857178,0.0,1.663358449935913,-0.1559164971113205,-35.158145904541016,3.984375,0,fly,7.6,0,335.0,9.32419347768843,[6400|0|12600|0],fly
35500,1.6492149829864502,1.0351014137268066,0.0,1.6713556051254272,-0.1629901081323623,-35.21388626098633,3.984375,0,fly,7.6,0,335.0,9.324467980549588,[6400|0|12600|0],fly
35600,1.649094581604004,1.0356205701828003,0.0,1.6716464757919312,-0.1536194384098053,-35.21713638305664,3.984375,0,fly,7.6,0,335.0,9.32500091574142,[6400|0|12600|0],fly
35700,1.649071216583252,1.0353047847747805,0.0,1.6761609315872192,-0.1647852510213852,-35.2346305847168,3.984375,0,fly,7.6,0,335.0,9.325317564360732,[6400|0|12600|0],fly
35800,1.6469298601150513,1.032705307006836,0.0,1.7760263681411743,-0.1761006563901901,-35.24296188354492,3.984375,0,fly,7.6,0,335.0,9.328685455717345,[6400|0|12600|0],fly
35900,1.6467509269714355,1.0330103635787964,0.0,1.765669822692871,-0.1637605875730514,-35.27004623413086,3.984375,0,fly,7.6,0,335.0,9.32903911739463,[6400|0|12600|0],fly
36000,1.646696925163269,1.032930612564087,0.0,1.7626841068267822,-0.1588216871023178,-35.2760009765625,3.990234375,0,fly,7.6,0,335.0,9.329135431566137,[6400|0|12600|0],fly
36100,1.6467564105987549,1.0332274436950684,0.0,1.7525070905685425,-0.1564465463161468,-35.27415084838867,3.990234375,0,fly,7.6,0,335.0,9.329438164513393,[6400|0|12600|0],fly
36200,1.6469521522521973,1.032789945602417,0.0,1.7529685497283936,-0.1640851199626922,-35.286964416503906,3.990234375,0,fly,7.6,0,335.0,9.329917455005646,[6400|0|12600|0],fly
36300,1.6465559005737305,1.0331870317459106,0.0,1.7479664087295532,-0.152347981929779,-35.32028579711914,3.990234375,0,fly,7.6,0,335.0,9.330478429869649,[6400|0|12600|0],fly
36400,1.6464555263519287,1.033114314079285,0.0,1.743661642074585,-0.1559830904006958,-35.29938507080078,3.990234375,0,fly,7.6,0,335.0,9.330602376807658,[6400|0|12600|0],fly
36500,1.6466060876846311,1.0331202745437622,0.0,1.734817624092102,-0.1565062403678894,-35.33644104003906,3.990234375,0,fly,7.6,0,335.0,9.330753056076444,[6400|0|12600|0],fly
36600,1.6466000080108645,1.033291220664978,0.0,1.7281899452209473,-0.1506758481264114,-35.33837890625,3.99609375,0,fly,7.6,0,335.0,9.330924110274848,[6400|0|12600|0],fly
36700,1.646613597869873,1.0331109762191772,0.0,1.728625774383545,-0.147328495979309,-35.38420104980469,3.99609375,0,fly,7.6,0,335.0,9.331104866310737,[6400|0|12600|0],fly
36800,1.6465903520584106,1.0329465866088867,0.0,1.7281960248947144,-0.1493128389120102,-35.38889694213867,3.99609375,0,fly,7.6,0,335.0,9.331270891344156,[6400|0|12600|0],fly
36900,1.646498680114746,1.033288598060608,0.0,1.727314591407776,-0.1381538361310959,-35.33695602416992,3.99609375,0,fly,7.6,0,335.0,9.331624975484388,[6400|0|12600|0],fly
37000,1.6467561721801758,1.0332189798355105,0.0,1.7225881814956665,-0.1519304513931274,-35.3456916809082,3.99609375,0,fly,7.6,0,335.0,9.331891712922753,[6400|0|12600|0],fly
37100,1.6464409828186035,1.032994031906128,0.0,1.7360438108444214,-0.1563196629285812,-35.34788131713867,3.99609375,0,fly,7.6,0,335.0,9.332278941414192,[6400|0|12600|0],fly
37200,1.6466420888900757,1.0330328941345217,0.0,1.7307227849960327,-0.156704232096672,-35.33749771118164,3.99609375,0,fly,7.6,0,335.0,9.332483767986634,[6400|0|12600|0],fly
37300,1.6467379331588743,1.0328400135040283,0.0,1.7353932857513428,-0.1561195999383926,-35.30211639404297,3.99609375,0,fly,7.6,0,335.0,9.332699149187023,[6400|0|12600|0],fly
37400,1.6466070413589478,1.0327366590499878,0.0,1.7392182350158691,-0.1538087874650955,-35.36392974853516,4.0,0,fly,7.6,0,335.0,9.332865926902736,[6400|0|12600|0],fly
37500,1.646586537361145,1.0331964492797852,0.0,1.7308988571166992,-0.1470235288143158,-35.37721252441406,4.0,0,fly,7.6,0,335.0,9.33332617408561,[6400|0|12600|0],fly
37600,1.64672589302063,1.0329358577728271,0.0,1.732789397239685,-0.1549787521362304,-35.357208251953125,4.0,0,fly,7.6,0,335.0,9.33362168708588,[6400|0|12600|0],fly
37701,1.646572828292847,1.0333521366119385,0.0,1.727131485939026,-0.1446862816810608,-35.32403564453125,4.0,0,fly,7.6,0,335.0,9.334065214855906,[6400|0|12600|0],fly
37800,1.646609663963318,1.0329229831695557,0.0,1.7293697595596311,-0.1484721153974533,-35.347137451171875,4.0,0,fly,7.6,0,335.0,9.334495946261455,[6400|0|12600|0],fly
37901,1.646613597869873,1.0330151319503784,0.0,1.7266143560409546,-0.1460709869861602,-35.32746124267578,4.0,0,fly,7.6,0,335.0,9.334588178974894,[6400|0|12600|0],fly
38001,1.646575689315796,1.0330804586410522,0.0,1.7210421562194824,-0.1431725025177002,-35.338172912597656,4.0,0,fly,7.6,0,335.0,9.334663708008955,[6400|0|12600|0],fly
38101,1.6464697122573853,1.0334264039993286,0.0,1.716253638267517,-0.1404246091842651,-35.33489990234375,4.0,0,fly,7.6,0,335.0,9.335025521949849,[6400|0|12600|0],fly
38201,1.6467547416687012,1.032973051071167,0.0,1.720962643623352,-0.1555988639593124,-35.339019775390625,4.0078125,0,fly,7.6,0,335.0,9.335561031653576,[6400|0|12600|0],fly
38301,1.6464802026748655,1.0332351922988892,0.0,1.7223151922225952,-0.1475177258253097,-35.34041976928711,4.0,0,fly,7.6,0,335.0,9.33594062312135,[6400|0|12600|0],fly
38401,1.646690011024475,1.033170223236084,0.0,1.7213000059127808,-0.1512566208839416,-35.35315704345703,4.0078125,0,fly,7.6,0,335.0,9.336160260373855,[6400|0|12600|0],fly
38501,1.646665096282959,1.0330604314804075,0.0,1.7262367010116575,-0.1507374048233032,-35.365142822265625,4.0078125,0,fly,7.6,0,335.0,9.336272843560696,[6400|0|12600|0],fly
38601,1.646273136138916,1.0332725048065186,0.0,1.724571704864502,-0.1428604125976562,-35.35441589355469,4.0078125,0,fly,7.6,0,335.0,9.336718497967343,[6400|0|12600|0],fly
38701,1.6466847658157349,1.0333083868026731,0.0,1.7159900665283203,-0.1547163873910904,-35.34535217285156,4.0078125,0,fly,7.6,0,335.0,9.337131688611583,[6400|0|12600|0],fly
38800,1.646825075149536,1.0332337617874146,0.0,1.7194125652313232,-0.1637297570705413,-35.327049255371094,4.0078125,0,fly,7.6,0,335.0,9.33729060872376,[6400|0|12600|0],fly
38900,1.6464921236038208,1.033031702041626,0.0,1.732412338256836,-0.1593496650457382,-35.307064056396484,4.0078125,0,fly,7.6,0,335.0,9.337680076145585,[6400|0|12600|0],fly
39000,1.6467705965042114,1.0332456827163696,0.0,1.72355318069458,-0.1598951369524002,-35.34293746948242,4.0078125,0,fly,7.6,0,335.0,9.33803126681376,[6400|0|12600|0],fly
39100,1.6467633247375488,1.03286612033844,0.0,1.7315433025360107,-0.1596702188253402,-35.333152770996094,4.0078125,0,fly,7.6,0,335.0,9.338410898842612,[6400|0|12600|0],fly
39200,1.6467385292053225,1.032749891281128,0.0,1.7328206300735474,-0.162200316786766,-35.337249755859375,4.0078125,0,fly,7.6,0,335.0,9.338529743329998,[6400|0|12600|0],fly
39302,1.646562099456787,1.0331875085830688,0.0,1.7248808145523071,-0.1482293754816055,-35.335018157958984,4.0078125,0,fly,7.6,0,335.0,9.339001586904846,[6400|0|12600|0],fly
39402,1.6464827060699463,1.033242106437683,0.0,1.7280402183532717,-0.1542475074529647,-35.320411682128906,4.0078125,0,fly,7.6,0,335.0,9.339097941643196,[6400|0|12600|0],fly
39500,1.6464126110076904,1.0332880020141602,0.0,1.7344650030136108,-0.1570487320423126,-35.31769561767578,4.0078125,0,fly,7.6,0,335.0,9.339181725422607,[6400|0|12600|0],fly
39600,1.6466554403305054,1.0334229469299316,0.0,1.728653907775879,-0.1610020101070404,-35.3000373840332,4.01171875,0,fly,7.6,0,335.0,9.339459531488618,[6400|0|12600|0],fly
39700,1.6466567516326904,1.0331381559371948,0.0,1.729063630104065,-0.1667487621307373,-35.31359100341797,4.01171875,0,fly,7.6,0,335.0,9.339744325500243,[6400|0|12600|0],fly
39800,1.6469974517822266,1.0334912538528442,0.0,1.7207839488983154,-0.1727505177259445,-35.307098388671875,4.01171875,0,fly,7.6,0,335.0,9.340234993137171,[6400|0|12600|0],fly
39900,1.6466366052627563,1.032881498336792,0.0,1.7318507432937622,-0.1755299121141433,-35.28340530395508,4.01171875,0,fly,7.6,0,335.0,9.34094352118882,[6400|0|12600|0],fly
40000,1.646572470664978,1.0331004858016968,0.0,1.7279382944107056,-0.1768628358840942,-35.32145309448242,4.01171875,0,fly,7.6,0,335.0,9.341171706982456,[6400|0|12600|0],fly
40100,1.6470328569412231,1.03304922580719,0.0,1.7184152603149414,-0.1930540055036544,-35.358158111572266,4.01171875,0,fly,7.6,0,335.0,9.341634938145477,[6400|0|12600|0],fly
40200,1.6465890407562256,1.0333433151245115,0.0,1.7245042324066162,-0.1775356233119964,-35.330894470214844,4.01171875,0,fly,7.6,0,335.0,9.342167349013724,[6400|0|12600|0],fly
40300,1.6467130184173584,1.0334874391555786,0.0,1.7161158323287964,-0.1762157827615738,-35.30693435668945,4.01171875,0,fly,7.6,0,335.0,9.34235746002548,[6400|0|12600|0],fly
40400,1.6469953060150146,1.03296959400177,0.0,1.7223950624465942,-0.191374272108078,-35.2924919128418,4.01171875,0,fly,7.6,0,335.0,9.34294724803071,[6400|0|12600|0],fly
40500,1.6466872692108154,1.0328234434127808,0.0,1.734489679336548,-0.1815403997898101,-35.256134033203125,4.01171875,0,fly,7.6,0,335.0,9.343288197685942,[6400|0|12600|0],fly
40600,1.6465429067611694,1.0328269004821775,0.0,1.7329106330871582,-0.1782885044813156,-35.28666305541992,4.01171875,0,fly,7.6,0,335.0,9.343432601523135,[6400|0|12600|0],fly
40700,1.6467771530151367,1.033244013786316,0.0,1.7186565399169922,-0.171602189540863,-35.27042007446289,4.01171875,0,fly,7.6,0,335.0,9.343910989248718,[6400|0|12600|0],fly
40800,1.6465604305267334,1.0333410501480105,0.0,1.7206615209579468,-0.1644510477781295,-35.272300720214844,4.01171875,0,fly,7.6,0,335.0,9.344148443860108,[6400|0|12600|0],fly
40900,1.6464775800704956,1.0332541465759275,0.0,1.720930576324463,-0.1641290336847305,-35.275474548339844,4.015625,0,fly,7.6,0,335.0,9.34426851229451,[6400|0|12600|0],fly
41000,1.6464935541152954,1.0330297946929932,0.0,1.720112442970276,-0.1659744679927826,-35.244625091552734,4.015625,0,fly,7.6,0,335.0,9.344493432141308,[6400|0|12600|0],fly
41100,1.646782636642456,1.0328865051269531,0.0,1.7223498821258545,-0.1795061081647873,-35.28107833862305,4.01171875,0,fly,7.6,0,335.0,9.344816078398448,[6400|0|12600|0],fly
41200,1.6468132734298706,1.0331729650497437,0.0,1.7193247079849243,-0.1726051419973373,-35.34571838378906,4.015625,0,fly,7.6,0,335.0,9.345104171959823,[6400|0|12600|0],fly
41300,1.6467496156692505,1.033005952835083,0.0,1.7236558198928833,-0.1659383177757263,-35.3537712097168,4.015625,0,fly,7.6,0,335.0,9.345282904694187,[6400|0|12600|0],fly
41400,1.6464836597442627,1.033298134803772,0.0,1.7257530689239502,-0.1569253504276275,-35.383636474609375,4.015625,0,fly,7.6,0,335.0,9.34567800323489,[6400|0|12600|0],fly
41500,1.6466927528381348,1.0334818363189695,0.0,1.726421594619751,-0.1712929904460907,-35.3705940246582,4.015625,0,fly,7.6,0,335.0,9.345956330683393,[6400|0|12600|0],fly
41600,1.646573185920715,1.0330764055252075,0.0,1.7344106435775757,-0.181745246052742,-35.339942932128906,4.015625,0,fly,7.6,0,335.0,9.34637902487104,[6400|0|12600|0],fly
41700,1.646682858467102,1.0334056615829468,0.0,1.7266266345977783,-0.1742695420980453,-35.32562255859375,4.015625,0,fly,7.6,0,335.0,9.346726066106328,[6400|0|12600|0],fly
41800,1.6466939449310305,1.0333380699157717,0.0,1.73130202293396,-0.1684750169515609,-35.2974967956543,4.015625,0,fly,7.6,0,335.0,9.346794560946671,[6400|0|12600|0],fly
41900,1.6464636325836182,1.033237338066101,0.0,1.7342987060546875,-0.1702365577220916,-35.30270004272461,4.015625,0,fly,7.6,0,335.0,9.34704593851709,[6400|0|12600|0],fly
42000,1.6464805603027344,1.0331099033355713,0.0,1.7426334619522097,-0.1711200028657913,-35.3072509765625,4.015625,0,fly,7.6,0,335.0,9.347174492623283,[6400|0|12600|0],fly
42100,1.6465418338775637,1.0331873893737793,0.0,1.736001968383789,-0.1652994900941848,-35.33059310913086,4.015625,0,fly,7.6,0,335.0,9.34727327793135,[6400|0|12600|0],fly
42200,1.646528959274292,1.032863974571228,0.0,1.7409062385559082,-0.165702074766159,-35.325130462646484,4.015625,0,fly,7.6,0,335.0,9.347596948890688,[6400|0|12600|0],fly
42300,1.6465938091278076,1.0330569744110107,0.0,1.7343605756759644,-0.16504667699337,-35.35028839111328,4.015625,0,fly,7.6,0,335.0,9.347800552529304,[6400|0|12600|0],fly
42400,1.6467090845108032,1.0333338975906372,0.0,1.730530858039856,-0.1516545563936233,-35.3224983215332,4.015625,0,fly,7.6,0,335.0,9.34810051062861,[6400|0|12600|0],fly
42500,1.646661400794983,1.0328320264816284,0.0,1.7444255352020264,-0.1434478014707565,-35.35085678100586,4.015625,0,fly,7.6,0,335.0,9.348604641907952,[6400|0|12600|0],fly
42600,1.646745204925537,1.0327905416488647,0.0,1.7402620315551758,-0.1493411511182785,-35.33949661254883,4.015625,0,fly,7.6,0,335.0,9.34869815192692,[6400|0|12600|0],fly
42700,1.6471558809280396,1.0329179763793943,0.0,1.72227144241333,-0.1512432843446731,-35.33197021484375,4.015625,0,fly,7.6,0,335.0,9.349128145403125,[6400|0|12600|0],fly
42800,1.6466541290283203,1.0326915979385376,0.0,1.737920165061951,-0.1459994316101074,-35.29855728149414,4.015625,0,fly,7.6,0,335.0,9.3496786017296,[6400|0|12600|0],fly
42900,1.6468459367752075,1.0322856903076172,0.0,1.7382649183273315,-0.1647479981184005,-35.35439682006836,4.015625,0,fly,7.6,0,335.0,9.350127546288096,[6400|0|12600|0],fly
43000,1.6466684341430664,1.032813549041748,0.0,1.731534719467163,-0.1519465744495391,-35.3248291015625,4.0234375,0,fly,7.6,0,335.0,9.350684450254338,[6400|0|12600|0],fly
43100,1.6467128992080688,1.0324779748916626,0.0,1.7332056760787964,-0.1610160619020462,-35.335723876953125,4.0234375,0,fly,7.6,0,335.0,9.35102295749534,[6400|0|12600|0],fly
43200,1.6467269659042358,1.0329536199569702,0.0,1.7209243774414062,-0.1512937247753143,-35.32463073730469,4.015625,0,fly,7.6,0,335.0,9.351498810518963,[6400|0|12600|0],fly
43300,1.6466703414916992,1.033006191253662,0.0,1.7166272401809692,-0.1561406552791595,-35.32697296142578,4.0234375,0,fly,7.6,0,335.0,9.35157607671682,[6400|0|12600|0],fly
43400,1.6467063426971436,1.0328521728515625,0.0,1.7180248498916626,-0.1711566001176834,-35.31608581542969,4.0234375,0,fly,7.6,0,335.0,9.351734246736036,[6400|0|12600|0],fly
43500,1.6469670534133911,1.0331681966781616,0.0,1.7175921201705933,-0.164459079504013,-35.3194580078125,4.0234375,0,fly,7.6,0,335.0,9.352143930927268,[6400|0|12600|0],fly
43600,1.6467829942703247,1.0331389904022217,0.0,1.7239599227905271,-0.1670038849115371,-35.31766128540039,4.0234375,0,fly,7.6,0,335.0,9.352330292872688,[6400|0|12600|0],fly
43700,1.6470152139663696,1.0326393842697144,0.0,1.7252482175827026,-0.1856109797954559,-35.328590393066406,4.0234375,0,fly,7.6,0,335.0,9.352881230505156,[6400|0|12600|0],fly
43800,1.646971344947815,1.0328460931777954,0.0,1.7204793691635132,-0.1859189867973327,-35.33921813964844,4.0234375,0,fly,7.6,0,335.0,9.353092543220034,[6400|0|12600|0],fly
43900,1.6467831134796145,1.032662034034729,0.0,1.7335586547851562,-0.1770512759685516,-35.34027862548828,4.0234375,0,fly,7.6,0,335.0,9.35335580896746,[6400|0|12600|0],fly
44000,1.6469184160232544,1.033107876777649,0.0,1.7128791809082031,-0.1813089847564697,-35.342750549316406,4.0234375,0,fly,7.6,0,335.0,9.353821730130027,[6400|0|12600|0],fly
44100,1.6467653512954712,1.0330376625061035,0.0,1.7029473781585691,-0.1800002604722976,-35.37841796875,4.0234375,0,fly,7.6,0,335.0,9.353990131005382,[6400|0|12600|0],fly
44200,1.6468122005462646,1.032891869544983,0.0,1.7119601964950562,-0.1658047288656234,-35.35768508911133,4.0234375,0,fly,7.6,0,335.0,9.354143266369723,[6400|0|12600|0],fly
44300,1.6469480991363523,1.032830834388733,0.0,1.711448073387146,-0.176610991358757,-35.36037826538086,4.0234375,0,fly,7.6,0,335.0,9.354292241928412,[6400|0|12600|0],fly
44400,1.646961688995361,1.032894492149353,0.0,1.701509714126587,-0.1788536757230758,-35.37544250488281,4.0234375,0,fly,7.6,0,335.0,9.354357334130365,[6400|0|12600|0],fly
44500,1.6468077898025513,1.03265643119812,0.0,1.7145782709121704,-0.1786486357450485,-35.373966217041016,4.0234375,0,fly,7.6,0,335.0,9.354640808958258,[6400|0|12600|0],fly
44600,1.646802306175232,1.0328311920166016,0.0,1.7128126621246338,-0.1774679273366928,-35.349266052246094,4.0234375,0,fly,7.6,0,335.0,9.354815655787926,[6400|0|12600|0],fly
44700,1.646847367286682,1.032637119293213,0.0,1.712883710861206,-0.1834823936223983,-35.359493255615234,4.0234375,0,fly,7.6,0,335.0,9.355014891140533,[6400|0|12600|0],fly
44800,1.6469415426254272,1.0327346324920654,0.0,1.712371826171875,-0.174485296010971,-35.38591766357422,4.0234375,0,fly,7.6,0,335.0,9.355150455952996,[6400|0|12600|0],fly
44900,1.6467957496643066,1.0325912237167358,0.0,1.7135988473892212,-0.1825103759765625,-35.418087005615234,4.0234375,0,fly,7.6,0,335.0,9.355354959411043,[6400|0|12600|0],fly
45000,1.64697265625,1.0327421426773071,0.0,1.7073920965194702,-0.1774904429912567,-35.42216873168945,4.0234375,0,fly,7.6,0,335.0,9.355587494296,[6400|0|12600|0],fly
45100,1.6460613012313845,1.0332521200180054,0.0,1.7723336219787598,-0.211180180311203,-35.4123420715332,4.02734375,0,fly,7.6,0,335.0,9.356631833732193,[6400|0|12600|0],fly
45200,1.6471061706542969,1.032891035079956,0.0,1.7135841846466064,-0.2380733788013458,-35.36891555786133,4.0234375,0,fly,7.6,0,335.0,9.357737335628808,[6400|0|12600|0],fly
45300,1.647131323814392,1.0326907634735107,0.0,1.7231546640396118,-0.2168853282928466,-35.37308883666992,4.0234375,0,fly,7.6,0,335.0,9.357939180613416,[6400|0|12600|0],fly
45400,1.6469347476959229,1.0329262018203735,0.0,1.7260918617248535,-0.1975987702608108,-35.37396240234375,4.0234375,0,fly,7.6,0,335.0,9.358245894462998,[6400|0|12600|0],fly
45500,1.6467421054840088,1.0327128171920776,0.0,1.7292850017547607,-0.1928841769695282,-35.36219787597656,4.0234375,0,fly,7.6,0,335.0,9.358533373195089,[6400|0|12600|0],fly
45600,1.646696925163269,1.0330684185028076,0.0,1.713019847869873,-0.1822040975093841,-35.34518814086914,4.02734375,0,fly,7.6,0,335.0,9.358891833169949,[6400|0|12600|0],fly
45700,1.646819829940796,1.0328857898712158,0.0,1.7161966562271118,-0.180181547999382,-35.32762145996094,4.02734375,0,fly,7.6,0,335.0,9.359111966768964,[6400|0|12600|0],fly
45800,1.646944880485535,1.0325690507888794,0.0,1.7165392637252808,-0.1781394779682159,-35.32829666137695,4.02734375,0,fly,7.6,0,335.0,9.35945249765599,[6400|0|12600|0],fly
45900,1.646637797355652,1.0328130722045898,0.0,1.6919695138931274,-0.1956020444631576,-35.33913040161133,4.02734375,0,fly,7.6,0,335.0,9.359844730367508,[6400|0|12600|0],fly
46000,1.6469351053237915,1.0327717065811155,0.0,1.701789140701294,-0.1882758438587188,-35.33359146118164,4.02734375,0,fly,7.6,0,335.0,9.360144902222824,[6400|0|12600|0],fly
46100,1.6468265056610107,1.0325431823730469,0.0,1.7047275304794312,-0.1934948712587356,-35.37718200683594,4.02734375,0,fly,7.6,0,335.0,9.360397918428689,[6400|0|12600|0],fly
46200,1.6469221115112305,1.0327575206756592,0.0,1.7070287466049194,-0.1916305124759674,-35.41537857055664,4.02734375,0,fly,7.6,0,335.0,9.360632612669272,[6400|0|12600|0],fly
46300,1.6468756198883057,1.0333056449890137,0.0,1.704253077507019,-0.1840779036283493,-35.3746223449707,4.02734375,0,fly,7.6,0,335.0,9.361182705146854,[6400|0|12600|0],fly
46400,1.646765947341919,1.0329421758651731,0.0,1.7124627828598022,-0.1817966550588607,-35.383766174316406,4.02734375,0,fly,7.6,0,335.0,9.361562360084154,[6400|0|12600|0],fly
46500,1.6468040943145752,1.032726168632507,0.0,1.7208540439605713,-0.1924953758716583,-35.38141632080078,4.02734375,0,fly,7.6,0,335.0,9.361781709841589,[6400|0|12600|0],fly
46600,1.6466902494430542,1.0330206155776978,0.0,1.7136749029159546,-0.1816820204257965,-35.35009002685547,4.02734375,0,fly,7.6,0,335.0,9.362097399021485,[6400|0|12600|0],fly
46700,1.6469894647598269,1.0329694747924805,0.0,1.7103486061096191,-0.1899240016937255,-35.309120178222656,4.02734375,0,fly,7.6,0,335.0,9.362400953276444,[6400|0|12600|0],fly
46800,1.6468074321746826,1.0325897932052612,0.0,1.7191120386123655,-0.1933750957250595,-35.33860397338867,4.02734375,0,fly,7.6,0,335.0,9.36282201618116,[6400|0|12600|0],fly
46900,1.646989822387695,1.0331014394760132,0.0,1.703388214111328,-0.1903479248285293,-35.377872467041016,4.02734375,0,fly,7.6,0,335.0,9.363365199480034,[6400|0|12600|0],fly
47000,1.6465778350830078,1.032904028892517,0.0,1.718051552772522,-0.1752769947052002,-35.35214614868164,4.02734375,0,fly,7.6,0,335.0,9.363822041331993,[6400|0|12600|0],fly
47100,1.6467758417129517,1.0330170392990112,0.0,1.709637999534607,-0.175902858376503,-35.32828903198242,4.02734375,0,fly,7.6,0,335.0,9.364050028124325,[6400|0|12600|0],fly
47200,1.6470352411270142,1.0328781604766846,0.0,1.7117455005645752,-0.1765299886465072,-35.323150634765625,4.02734375,0,fly,7.6,0,335.0,9.364344265075276,[6400|0|12600|0],fly
47300,1.6469357013702393,1.032987356185913,0.0,1.7133344411849976,-0.1688999831676483,-35.33749008178711,4.02734375,0,fly,7.6,0,335.0,9.36449202117868,[6400|0|12600|0],fly
47400,1.645674228668213,1.0331708192825315,0.0,1.7785394191741943,-0.2068228423595428,-35.41431427001953,4.02734375,0,fly,7.6,0,335.0,9.365766765108171,[6400|0|12600|0],fly
