,time.ms,stateEstimate.x,stateEstimate.y,stateEstimate.z,stabilizer.roll,stabilizer.pitch,stabilizer.yaw,pm.vbat,drone_id,node_name,wind_speed,global_wind_direction,relative_wind_direction,travel_dist,waiting_time
0,0,1.2510473728179932,1.1116403341293335,0.0,0.1315698027610778,1.173912763595581,-0.9379231333732604,4.09765625,2,A/E1,6.1,0,450.0,0.0,[6200|0|0|0]
1,100,1.2512069940567017,1.1116222143173218,0.0,0.1002485826611518,1.103734254837036,-0.9068183302879332,4.09765625,2,A/E1,6.1,0,450.0,0.0001606464049836,[6300|0|0|0]
2,200,1.2511801719665527,1.1112467050552368,0.0,0.0889537557959556,1.0555838346481323,-0.90576434135437,3.056640625,2,C1,6.1,0,450.0,0.0005371123801149,[6300|0|0|0]
3,300,1.2504630088806152,1.1119141578674316,0.0,-0.1303762644529342,1.2076386213302612,-0.4757149517536163,3.404296875,2,C1,6.1,0,450.0,0.0015168144513275,[6300|0|0|0]
4,400,1.2491008043289185,1.114474892616272,0.0,-0.0768610537052154,2.748811721801758,-0.1252758800983429,3.642578125,2,C1,6.1,0,450.0,0.0044173253881422,[6300|0|0|0]
5,500,1.2456728219985962,1.120894193649292,0.0406326577067375,-0.3831571340560913,1.93884551525116,0.231131911277771,3.705078125,2,C1,6.1,0,450.0,0.0456965133758246,[6300|0|0|0]
6,600,1.242030143737793,1.129242777824402,0.1139603853225708,0.1778477430343628,0.770914614200592,0.1576859652996063,3.720703125,2,C1,6.1,0,450.0,0.1195878092092479,[6300|0|0|0]
7,700,1.2389214038848877,1.1402302980422974,0.191952645778656,1.2534711360931396,0.3008404374122619,-0.0820706114172935,3.7265625,2,C1,6.1,0,450.0,0.1984115528088862,[6300|0|0|0]
8,800,1.237670660018921,1.149724006652832,0.2699929177761078,1.952580213546753,0.1941900998353958,-0.3425095975399017,3.75390625,2,C1,6.1,0,450.0,0.2770371142811978,[6300|0|0|0]
9,900,1.2359657287597656,1.1571366786956787,0.3450705111026764,1.833478569984436,0.4926142394542694,-0.7775406837463379,3.763671875,2,C1,6.1,0,450.0,0.3524990220037228,[6300|0|0|0]
10,1000,1.2356173992156982,1.163251519203186,0.4044542610645294,2.296739339828491,0.1135257259011268,-0.5555033087730408,3.763671875,2,C1,6.1,0,450.0,0.4121977855372785,[6300|0|0|0]
11,1100,1.2349120378494265,1.168570637702942,0.4611480832099914,1.9782410860061648,-0.0250672698020935,-0.8813987374305725,3.763671875,2,C1,6.1,0,450.0,0.4691449542617441,[6300|0|0|0]
12,1200,1.2362195253372192,1.1732159852981567,0.5132847428321838,1.865536093711853,0.3511675596237182,-0.8570165634155273,3.7578125,2,C1,6.1,0,450.0,0.5215044811348113,[6300|0|0|0]
13,1300,1.2379223108291626,1.177154779434204,0.5462987422943115,2.300529718399048,0.4688672125339508,-0.5407642722129822,3.75390625,2,C1,6.1,0,450.0,0.5547961878823348,[6300|0|0|0]
14,1400,1.2396540641784668,1.1805824041366575,0.5746280550956726,2.709338903427124,1.121638298034668,-0.1628607809543609,3.7421875,2,C1,6.1,0,450.0,0.583384604147687,[6300|0|0|0]
15,1500,1.241173505783081,1.1806237697601318,0.5964881777763367,2.63796067237854,0.9568429589271544,-0.07867381721735,3.732421875,2,C1,6.1,0,450.0,0.6052975085083216,[6300|0|0|0]
16,1600,1.2424054145812988,1.1778417825698853,0.6141483187675476,2.208677291870117,1.1501773595809937,-0.1269627958536148,3.732421875,2,C1,6.1,0,450.0,0.6232178218940655,[6300|0|0|0]
17,1700,1.2422209978103638,1.1706445217132568,0.6283995509147644,1.798754334449768,1.19123637676239,-0.2761649489402771,3.7265625,2,C1,6.1,0,450.0,0.6391844179964795,[6300|0|0|0]
18,1800,1.2401306629180908,1.1625771522521973,0.6400912404060364,1.329946994781494,1.3567248582839966,-0.6005114912986755,3.720703125,2,C1,6.1,0,450.0,0.6535422574280726,[6300|0|0|0]
19,1900,1.237357497215271,1.1519864797592163,0.6496323347091675,0.5607372522354126,0.8534432649612427,-0.6075921058654785,3.720703125,2,C1,6.1,0,450.0,0.6680641468495673,[6300|0|0|0]
20,2000,1.2334027290344238,1.1416069269180298,0.6575994491577148,-0.0584241487085819,1.260229468345642,0.1002501994371414,3.716796875,2,C1,6.1,0,450.0,0.6817334636277927,[6300|0|0|0]
21,2100,1.2287180423736572,1.1303976774215698,0.6646628379821777,-0.7481692433357239,0.3946124911308288,0.4897658824920654,3.720703125,2,C1,6.1,0,450.0,0.695786400156113,[6300|0|0|0]
22,2200,1.2248187065124512,1.1201051473617554,0.671482503414154,-0.9256248474121094,0.1020945459604263,0.5879236459732056,3.720703125,2,C1,6.1,0,450.0,0.7087343278588292,[6300|0|0|0]
23,2300,1.2209450006484983,1.1118109226226809,0.675972044467926,-0.8853881359100342,0.6034215092658997,-0.3375596702098846,3.716796875,2,C1,6.1,0,450.0,0.7189301966308467,[6300|0|0|0]
24,2400,1.217609405517578,1.104629397392273,0.6803222298622131,-1.495529055595398,-0.0017736183945089,-1.4742023944854736,3.7109375,2,C1,6.1,0,450.0,0.7279648306841482,[6300|0|0|0]
25,2500,1.2137430906295776,1.1012402772903442,0.6790784597396851,-1.8515828847885127,0.1476291716098785,-2.306889533996582,3.701171875,2,C1,6.1,0,450.0,0.7332545839861617,[6300|0|0|0]
26,2600,1.2104096412658691,1.099915623664856,0.6786772608757019,-1.1714977025985718,-0.1349999159574508,-2.546705722808838,3.705078125,2,C1,6.1,0,450.0,0.7368639540719786,[6300|0|0|0]
27,2700,1.2065495252609253,1.100700616836548,0.6791992783546448,-0.7753066420555115,0.5065298676490784,-2.650164604187012,3.701171875,2,C1,6.1,0,450.0,0.7408375182276893,[6300|0|0|0]
28,2800,1.2029197216033936,1.1017816066741943,0.6807259917259216,0.0767044574022293,0.2918762266635895,-2.37099289894104,3.705078125,2,C1,6.1,0,450.0,0.7449210053819927,[6300|0|0|0]
29,2900,1.197416067123413,1.102942943572998,0.6833205819129944,0.4542868435382843,-0.4189163148403168,-1.78542160987854,3.705078125,2,C1,6.1,0,450.0,0.7511154233745394,[6300|0|0|0]
30,3000,1.1923246383666992,1.1018247604370115,0.6859921216964722,0.7483319044113159,-0.4793492555618286,-1.2132562398910522,3.705078125,2,C1,6.1,0,450.0,0.7569729062063539,[6300|0|0|0]
31,3100,1.1889305114746094,1.099308967590332,0.6883195638656616,0.4132507145404815,-1.016968846321106,-0.5799643397331238,3.701171875,2,C1,6.1,0,450.0,0.7617964213206593,[6300|0|0|0]
32,3200,1.1843727827072144,1.0955681800842283,0.6878422498703003,-0.0356369949877262,-0.7828539609909058,0.3192425966262817,3.642578125,2,C1,6.1,0,77.0,0.7677120118518852,[6300|0|0|0]
33,3300,1.1825237274169922,1.087152123451233,0.6937777400016785,10.411660194396973,-3.840190887451172,2.700246334075928,3.578125,2,C1,6.1,0,77.0,0.7781752359159952,[6300|0|0|0]
34,3400,1.190402269363403,1.0550185441970823,0.7166420817375183,17.029329299926758,-6.5483503341674805,5.937747955322266,3.615234375,2,C1,6.1,0,77.0,0.8183923524448738,[6300|0|0|0]
35,3500,1.2120325565338137,0.9945851564407348,0.7524078488349915,15.227091789245604,-4.353851795196533,3.704383611679077,3.65234375,2,C1,6.1,0,77.0,0.8918719671339438,[6300|0|0|0]
36,3600,1.2422658205032349,0.908269464969635,0.79816073179245,10.62373161315918,-1.6791753768920898,2.9123668670654297,3.689453125,2,C1,6.1,0,77.0,0.9941352310330472,[6300|0|0|0]
37,3700,1.2733299732208252,0.8083375692367554,0.8465323448181152,1.9904927015304563,1.997409701347351,2.6364309787750244,3.716796875,2,C1,6.1,0,77.0,1.1094226037827704,[6300|0|0|0]
38,3800,1.2997459173202517,0.7093045115470886,0.8936076760292053,-4.539474010467529,3.3396027088165283,2.377872467041016,3.736328125,2,C1,6.1,0,77.0,1.2222119447093966,[6300|0|0|0]
39,3900,1.3188785314559937,0.6206969022750854,0.9351244568824768,-10.062395095825195,3.4082119464874268,2.5257937908172607,3.736328125,2,C1,6.1,0,77.0,1.3219165506059436,[6300|0|0|0]
40,4000,1.3316397666931152,0.551303505897522,0.9625421166419984,-11.51955223083496,2.6710903644561768,2.358326911926269,3.720703125,2,C1,6.1,0,77.0,1.397613450491472,[6300|0|0|0]
41,4100,1.3398782014846802,0.499172031879425,0.9788941740989684,-11.083341598510742,2.2993648052215576,1.5760278701782229,3.705078125,2,C1,6.1,0,77.0,1.4528669768421985,[6300|0|0|0]
42,4200,1.344343900680542,0.4640977680683136,0.9856194257736206,-9.733846664428713,2.3126235008239746,0.5827163457870483,3.68359375,2,C1,6.1,0,77.0,1.4888583016481398,[6300|0|0|0]
43,4300,1.34506356716156,0.444637656211853,0.9886892437934875,-7.410050392150879,1.438571572303772,-0.5486755967140198,3.6796875,2,C1,6.1,0,77.0,1.5085721966459569,[6300|0|0|0]
44,4400,1.3444525003433228,0.4358837604522705,0.9912694692611694,-4.672852516174316,0.7249360680580139,-1.1769566535949707,3.68359375,2,C1,6.1,0,77.0,1.517718871292519,[6300|0|0|0]
45,4500,1.3431740999221802,0.4333899021148681,0.9947430491447448,-2.099968194961548,0.1411219388246536,-1.2393653392791748,3.689453125,2,C1,6.1,0,77.0,1.5221819861522763,[6300|0|0|0]
46,4600,1.342463493347168,0.4334265291690826,0.9973562955856324,-0.9776675701141356,-0.2325908988714218,-0.9105954170227052,3.689453125,2,C1,6.1,0,77.0,1.5248903731642014,[6300|0|0|0]
47,4700,1.3423548936843872,0.4324832558631897,0.9993640780448914,-0.3167822062969208,-0.025544311851263,-0.3400903344154358,3.689453125,2,C1,6.1,0,77.0,1.5271113524122075,[6300|0|0|0]
48,4800,1.3430861234664917,0.4312982857227325,1.0007965564727783,0.1486233025789261,-0.1573521047830581,-0.3073277473449707,3.689453125,2,C1,6.1,0,77.0,1.529109062519899,[6300|0|0|0]
49,4900,1.3435138463974,0.4289207458496094,1.0010782480239868,-0.412169873714447,-0.1972017437219619,-0.3211991190910339,3.68359375,2,C1,6.1,0,77.0,1.531541138358342,[6300|0|0|0]
50,5000,1.3446637392044067,0.4258144497871399,1.0007253885269165,-0.4140522480010986,-0.0683474913239479,-0.3080902099609375,3.6796875,2,C1,6.1,0,77.0,1.5348721800152405,[6300|0|0|0]
51,5100,1.3451380729675293,0.4219594895839691,0.9995113611221312,-0.6421042084693909,0.2095355987548828,0.1718679964542389,3.6796875,2,C1,6.1,0,77.0,1.538941525567837,[6300|0|0|0]
52,5200,1.344961166381836,0.4186139702796936,0.9973543286323548,-1.403993844985962,0.0495182462036609,0.6245570778846741,3.6796875,2,C1,6.1,0,77.0,1.5429260687684174,[6300|0|0|0]
53,5300,1.3445022106170654,0.4171357154846191,0.9954979419708252,-1.3578208684921265,0.4352481961250305,1.2041163444519043,3.673828125,2,C1,6.1,0,77.0,1.5453431018816126,[6300|0|0|0]
54,5400,1.3433088064193726,0.4168255925178528,0.9921733140945436,-1.2822517156600952,0.0823917612433433,1.8583110570907595,3.66796875,2,C1,6.1,0,77.0,1.5488890207116672,[6300|0|0|0]
55,5500,1.341602087020874,0.4184136688709259,0.9886606335639954,-0.9743292331695556,-0.1141455247998237,2.090101957321167,3.66796875,2,C1,6.1,0,77.0,1.5531049194436215,[6300|0|0|0]
56,5600,1.3399375677108765,0.420402854681015,0.9852893352508544,-0.6630600690841675,-0.020959785208106,2.318028211593628,3.66796875,2,C1,6.1,0,77.0,1.5573585222737647,[6300|0|0|0]
57,5700,1.337917447090149,0.4227610230445862,0.9820207357406616,-0.5800830125808716,-0.2189526557922363,2.7891197204589844,3.673828125,2,C1,6.1,0,77.0,1.561866913129854,[6300|0|0|0]
58,5800,1.3362263441085815,0.4246163368225097,0.9791690111160278,-0.4072117507457733,-0.4782253801822662,3.130258798599243,3.673828125,2,C1,6.1,0,77.0,1.565666169878688,[6300|0|0|0]
59,5900,1.3353753089904783,0.4265159964561462,0.977554738521576,-0.7460026144981384,-0.9078654646873474,3.5162887573242188,3.673828125,2,C1,6.1,0,77.0,1.5683003383442784,[6300|0|0|0]
60,6000,1.3357967138290403,0.4288530945777893,0.9762266874313354,-0.742270290851593,-0.6741906404495239,3.41282606124878,3.673828125,2,C1,6.1,0,77.0,1.571021244326932,[6300|0|0|0]
61,6100,1.3365987539291382,0.4311017096042633,0.975503146648407,-0.5256064534187317,-0.4928677976131439,2.8752479553222656,3.673828125,2,C1,6.1,0,77.0,1.573515848328374,[6300|0|0|0]
62,6200,1.3393335342407229,0.4340426623821258,0.9761483669281006,-0.2666011750698089,-0.3384410440921783,2.7610058784484863,3.673828125,2,C1,6.1,0,450.0,1.5775833458149835,[6300|0|0|0]
63,6300,1.3423396348953247,0.4366921186447143,0.9670051336288452,0.1211394146084785,-0.7237238883972168,2.915379524230957,3.900390625,2,C1,6.1,0,450.0,1.587566079648838,[6300|0|0|0]
64,6400,1.3460289239883425,0.4391427934169769,0.9227516055107116,0.3616431355476379,-0.6217620968818665,3.15860652923584,3.81640625,2,C1,6.1,0,450.0,1.6320406950125903,[6300|0|0|0]
65,6500,1.3472589254379272,0.4429112076759338,0.8322523832321167,-0.1518250852823257,0.2509079873561859,3.5608904361724854,3.7265625,2,C1,6.1,0,450.0,1.7226266932828729,[6300|0|0|0]
66,6600,1.350534439086914,0.4429705142974853,0.7187191843986511,0.0759401023387909,0.1750045716762542,3.650806427001953,3.673828125,2,C1,6.1,0,450.0,1.8362071482225288,[6300|0|0|0]
67,6700,1.354090929031372,0.4423242807388305,0.591688334941864,-0.0005771564319729,0.5374295115470886,2.926978826522827,3.658203125,2,C1,6.1,0,450.0,1.9632894166640795,[6300|0|0|0]
68,6800,1.3579132556915283,0.4392813444137573,0.4679875671863556,0.3188405334949493,1.4766134023666382,3.505256414413452,3.60546875,2,C1,6.1,0,450.0,2.087086628207303,[6300|0|0|0]
69,6900,1.3613015413284302,0.4336239397525787,0.3507891595363617,1.2644695043563845,-0.6772918701171875,5.206178188323975,3.59375,2,C1,6.1,0,450.0,2.204470415259654,[6300|0|0|0]
70,7000,1.3682940006256104,0.4244763255119324,0.2466747164726257,2.9049227237701416,-2.509273290634156,7.625555515289307,3.60546875,2,C1,6.1,0,450.0,2.3092195946731,[6300|0|0|0]
71,7100,1.3811768293380735,0.4102385342121124,0.1549262553453445,0.7696168422698975,-3.07742691040039,9.259688377380373,3.578125,2,C1,6.1,0,450.0,2.4029557248255453,[6300|0|0|0]
72,7200,1.3982524871826172,0.3963643610477447,0.0793058425188064,-6.191318035125732,2.6647424697875977,9.830314636230469,3.568359375,2,C1,6.1,0,450.0,2.481711788769059,[6300|0|0|0]
73,7300,1.4079535007476809,0.3948192596435547,0.0237767547369003,-10.6378812789917,7.818127155303955,8.93492317199707,3.5625,2,C1,6.1,0,450.0,2.53810306994292,[6300|0|0|0]
74,7400,1.401220440864563,0.4065631330013275,0.0,-5.788785457611084,8.359591484069824,5.322036266326904,3.58984375,2,C1,6.1,0,450.0,2.5654633828550883,[6300|0|0|0]
75,7500,1.376416802406311,0.4311487972736358,0.0,-1.155423641204834,3.6837103366851807,2.055814027786255,3.630859375,2,C1,6.1,0,450.0,2.600387233852341,[6300|0|0|0]
76,7600,1.3481353521347046,0.4531358778476715,0.0163318160921335,-4.103802680969238,-0.7260414361953735,7.514368057250977,3.7421875,2,C1,6.1,0,450.0,2.6397572777753773,[6300|0|0|0]
77,7700,1.325424313545227,0.4702618420124054,0.0410248897969722,7.232483386993408,-4.262810707092285,9.514366149902344,3.6953125,2,C1,6.1,0,450.0,2.6774247413398,[6300|0|0|0]
78,7800,1.3136290311813354,0.4813084900379181,0.0593441128730773,5.985672950744629,-7.459863185882568,6.82929277420044,3.673828125,2,C1,6.1,0,450.0,2.7018532298881235,[6300|0|0|0]
79,7900,1.314016342163086,0.4843393266201019,0.071361631155014,5.872585773468018,-7.155398845672607,2.5864086151123047,3.6640625,2,C1,6.1,0,450.0,2.714253097864887,[6300|0|0|0]
80,8000,1.3232440948486328,0.4806529283523559,0.0756619870662689,3.5705485343933105,-4.246848106384277,-1.311596155166626,3.658203125,2,C1,6.1,0,450.0,2.725080563532232,[6300|0|0|0]
81,8100,1.3386269807815552,0.4726689159870147,0.0754747539758682,0.5040309429168701,-2.915984630584717,-4.260279655456543,3.658203125,2,C1,6.1,0,450.0,2.742412980827732,[6300|0|0|0]
82,8200,1.3557990789413452,0.4651370644569397,0.074026845395565,0.2153768837451934,1.1805305480957031,-5.091788291931152,3.6484375,2,C1,6.1,0,450.0,2.7612200588021936,[6300|0|0|0]
83,8300,1.3693546056747437,0.4595977365970611,0.0750854089856147,-0.4163592755794525,3.271780014038086,-4.578104019165039,3.658203125,2,C1,6.1,0,450.0,2.7759019188694087,[6300|0|0|0]
84,8400,1.3719618320465088,0.4500277936458587,0.0737619027495384,-0.1079424992203712,3.041707754135132,-4.181397914886475,3.6640625,2,C1,6.1,0,450.0,2.7859085719662158,[6300|0|0|0]
85,8500,1.3785868883132937,0.4541520178318023,0.0805774331092834,0.0939070209860801,3.3727774620056152,-3.3828885555267334,3.6640625,2,C1,6.1,0,450.0,2.796269655392122,[6300|0|0|0]
86,8600,1.3761286735534668,0.4526750445365906,0.0823866352438926,0.0677558705210685,1.1798899173736572,-2.7125344276428223,3.6640625,2,C1,6.1,0,450.0,2.7996604491464034,[6300|0|0|0]
87,8700,1.3663307428359983,0.4453170001506805,0.0791335254907608,0.8849586248397827,-0.0048262933269143,-2.438638210296631,3.658203125,2,C1,6.1,0,450.0,2.81233810613006,[6300|0|0|0]
88,8800,1.3605352640151978,0.4426071941852569,0.0792548954486846,-0.111811988055706,0.0420959331095218,-2.028921842575073,3.658203125,2,C1,6.1,0,450.0,2.818736961793324,[6300|0|0|0]
89,8900,1.355457425117493,0.43963822722435,0.0788561776280403,0.0324954465031623,-0.7114562392234802,-1.8073930740356443,3.658203125,2,C1,6.1,0,450.0,2.82463256936053,[6300|0|0|0]
90,9000,1.3557870388031006,0.4412869215011596,0.0819097906351089,-0.0306640695780515,-0.9398421049118042,-2.113600969314575,3.65234375,2,C1,6.1,0,450.0,2.828118453810288,[6300|0|0|0]
91,9100,1.3469732999801636,0.4334390163421631,0.0767485424876213,-1.525264024734497,-0.0828105062246322,-3.282426118850708,3.65234375,2,C1,6.1,0,450.0,2.840999062874439,[6300|0|0|0]
92,9200,1.343874216079712,0.4317632913589477,0.0775294378399849,-1.5160226821899414,-0.9870213866233826,-4.516606330871582,3.658203125,2,B2,6.1,0,450.0,2.844607687653043,[6300|100|0|0]
93,9300,1.3424326181411743,0.4344993531703949,0.0789361372590065,-1.3434981107711792,-1.0416083335876465,-4.5748701095581055,3.65234375,2,B2,6.1,0,450.0,2.848005192930144,[6300|200|0|0]
94,9400,1.3428164720535278,0.4394600689411163,0.0810386687517166,-1.4648725986480713,-1.4065170288085938,-3.978295564651489,3.6640625,2,B2,6.1,0,450.0,2.8534067374742307,[6300|300|0|0]
95,9500,1.3461110591888428,0.4463068842887878,0.0820873379707336,1.1465389728546145,-0.744813084602356,-3.367715835571289,3.65234375,2,B2,6.1,0,450.0,2.8610769976998167,[6300|400|0|0]
96,9600,1.3500709533691406,0.4518915116786957,0.0809327140450477,2.198414802551269,0.2424378246068954,-2.8383021354675293,3.6484375,2,B2,6.1,0,450.0,2.8680197623806216,[6300|500|0|0]
97,9700,1.3549102544784546,0.4547653198242187,0.0796365216374397,1.1063677072525024,0.3170976638793945,-2.616746664047241,3.65234375,2,B2,6.1,0,450.0,2.873795376914281,[6300|600|0|0]
98,9801,1.3601056337356567,0.456364244222641,0.0787622556090354,0.8182602524757385,-0.1518677473068237,-2.4886257648468018,3.65234375,2,B2,6.1,0,450.0,2.879301089034113,[6300|700|0|0]
99,9900,1.366303563117981,0.4560564458370209,0.0761228203773498,0.8947873711585999,-0.1897807866334915,-2.7988975048065186,3.6484375,2,B2,6.1,0,450.0,2.8860446553618604,[6300|800|0|0]
100,10000,1.373010277748108,0.4550181031227112,0.0734674036502838,0.3547473549842834,-0.1185064539313316,-2.569622755050659,3.6484375,2,B2,6.1,0,450.0,2.893332276010378,[6300|900|0|0]
101,10100,1.379736304283142,0.4532117545604706,0.0709157437086105,0.0421031005680561,0.282774269580841,-2.500093936920166,3.642578125,2,B2,6.1,0,450.0,2.9007493708955896,[6300|1000|0|0]
102,10201,1.386440634727478,0.4514162242412567,0.0695725381374359,0.7041188478469849,-0.075568288564682,-2.03790283203125,3.642578125,2,B2,6.1,0,450.0,2.9078187539691327,[6300|1100|0|0]
103,10300,1.3963855504989624,0.4516735374927521,0.0735758244991302,-0.1451886445283889,-0.4363356828689575,-1.7404577732086182,3.6484375,2,B2,6.1,0,450.0,2.9185422730512736,[6300|1200|0|0]
104,10401,1.4017256498336792,0.4453690648078918,0.0714240968227386,0.6600653529167175,-0.928186058998108,-1.910514116287232,3.642578125,2,B2,6.1,0,450.0,2.92708001096785,[6300|1300|0|0]
105,10501,1.410139799118042,0.4452754259109497,0.0737496465444564,0.3649031817913055,0.1976368129253387,-1.8085938692092896,3.642578125,2,B2,6.1,0,450.0,2.935810123105202,[6300|1400|0|0]
106,10601,1.4233022928237915,0.4517966508865356,0.0845694988965988,-0.0751078948378562,-0.1600056439638137,-1.728554368019104,3.658203125,2,B2,6.1,0,450.0,2.9540542131252128,[6300|1500|0|0]
107,10701,1.434983730316162,0.4352934658527374,0.0694800391793251,0.9197444915771484,0.4665939509868622,-2.5615057945251465,3.62109375,2,B2,6.1,0,450.0,2.979283222077353,[6300|1600|0|0]
108,10801,1.4403949975967407,0.427458256483078,0.0630227103829383,0.1490823775529861,0.4988194108009338,-1.3388593196868896,3.615234375,2,B2,6.1,0,450.0,2.9907884128464324,[6300|1700|0|0]
109,10901,1.450144648551941,0.4214747846126556,0.0636668875813484,0.9866841435432434,-0.584038496017456,0.0442736707627773,3.63671875,2,B2,6.1,0,450.0,3.002245838108476,[6300|1800|0|0]
110,11001,1.4611507654190063,0.4130879938602447,0.0687382966279983,0.2622213065624237,0.6460760831832886,0.41705983877182,3.65234375,2,B2,6.1,0,450.0,3.016983275380088,[6300|1900|0|0]
111,11101,1.4733242988586426,0.4042089283466339,0.074412316083908,-0.3755865693092346,-0.5365846753120422,0.1243254989385604,3.65234375,2,B2,6.1,0,450.0,3.0330838100788786,[6300|2000|0|0]
112,11200,1.4864975214004517,0.3952974379062652,0.0748965591192245,1.0507906675338743,0.4055225253105163,-0.6704061627388,3.99609375,2,B2,6.1,0,450.0,3.0489955335971546,[6300|2100|0|0]
113,11302,1.4998525381088257,0.3864698708057403,0.0294625684618949,4.003590106964111,0.1742263585329055,-1.765210509300232,3.99609375,2,B2,6.1,0,450.0,3.097167412522992,[6300|2200|0|0]
114,11402,1.5105987787246704,0.3773064315319061,0.0,-0.96096271276474,-1.2051246166229248,-2.854995012283325,3.99609375,2,B2,6.1,0,450.0,3.129839927685904,[6300|2300|0|0]
115,11502,1.517780303955078,0.3750472962856293,0.0,-0.9988763928413392,-0.5334534049034119,-4.227773189544678,4.0,2,B2,6.1,0,450.0,3.137368406728576,[6300|2400|0|0]
116,11600,1.5180819034576416,0.374432623386383,0.0,-0.7371834516525269,-0.4593124687671661,-4.175307273864746,4.0,2,B2,6.1,0,450.0,3.138053085509476,[6300|2500|0|0]
117,11702,1.5179685354232788,0.3748483955860138,0.0,-0.655855119228363,-0.4513792693614959,-4.116700172424316,4.0078125,2,B2,6.1,0,450.0,3.138484036589299,[6300|2600|0|0]
118,11802,1.5177429914474487,0.3740972280502319,0.0,-0.3259682059288025,-0.2813671231269836,-4.068315982818604,4.0078125,2,B2,6.1,0,450.0,3.1392683342061805,[6300|2700|0|0]
119,11900,1.518588662147522,0.3734102547168731,0.0,-0.2016240656375885,-0.2171670794486999,-4.0256853103637695,4.0078125,2,B2,6.1,0,450.0,3.14035787139862,[6300|2800|0|0]
120,12000,1.5180466175079346,0.3730950355529785,0.0,-0.0898895636200904,-0.136859729886055,-4.009604454040527,4.01171875,2,B2,6.1,0,450.0,3.140984908488904,[6300|2900|0|0]
121,12100,1.517980694770813,0.3730768859386444,0.0,-0.010929886251688,-0.0825220644474029,-3.997096061706543,4.01171875,2,B2,6.1,0,450.0,3.141053284038408,[6300|3000|0|0]
122,12200,1.518471121788025,0.3729581832885742,0.0,-0.0475161299109458,-0.1152461469173431,-3.99159574508667,4.01171875,2,B2,6.1,0,450.0,3.1415578719676587,[6300|3100|0|0]
123,12300,1.518321514129639,0.3732059299945831,0.0,0.031500082463026,-0.0380325354635715,-3.984038829803467,4.015625,2,B2,6.1,0,450.0,3.1418472866904805,[6300|3200|0|0]
124,12400,1.5181268453598022,0.3735469281673431,0.0,0.0098628224804997,-0.0185796301811933,-3.989292144775391,4.015625,2,B2,6.1,0,450.0,3.1422399388059405,[6300|3300|0|0]
125,12500,1.51820707321167,0.3733473718166351,0.0,0.0861890614032745,0.0436907447874546,-3.986342430114746,4.015625,2,B2,6.1,0,450.0,3.1424550184314826,[6300|3400|0|0]
126,12600,1.5176938772201538,0.3730528652667999,0.0,0.1576237827539444,0.1290166825056076,-3.971788167953491,4.015625,2,B2,6.1,0,450.0,3.1430467144967085,[6300|3500|0|0]
127,12700,1.5179141759872437,0.3729618489742279,0.0,0.2029857337474823,0.174666553735733,-3.960316896438599,4.015625,2,B2,6.1,0,450.0,3.143285074544315,[6300|3600|0|0]
128,12800,1.5179349184036257,0.372689813375473,0.0,0.2400475144386291,0.2181692123413086,-3.955886125564575,4.0234375,2,B2,6.1,0,450.0,3.143557899790264,[6300|3700|0|0]
129,12900,1.5192410945892334,0.373969167470932,0.0,0.2587893307209015,0.2394433170557022,-3.975403070449829,4.0234375,2,B2,6.1,0,450.0,3.145386244158652,[6300|3800|0|0]
130,13000,1.515528678894043,0.37140092253685,0.0,0.4928181767463684,0.1950153410434723,-3.969716310501098,4.0234375,2,B2,6.1,0,450.0,3.149900434267114,[6300|3900|0|0]
131,13100,1.5148382186889648,0.3720492720603943,0.0,0.3786633908748626,-0.0486140586435794,-4.430540561676025,4.0234375,2,B2,6.1,0,450.0,3.1508475838854304,[6300|4000|0|0]
132,13200,1.506725549697876,0.3713375031948089,0.0,0.9826633334159852,0.9618688225746156,-10.283943176269531,4.0234375,2,B2,6.1,0,450.0,3.1589914167101507,[6300|4100|0|0]
133,13300,1.467520236968994,0.418627917766571,0.0095903873443603,11.117196083068848,-1.7993062734603882,-15.768264770507812,4.02734375,2,B2,6.1,0,450.0,3.221163881563601,[6300|4200|0|0]
134,13400,1.3807541131973269,0.4637935757637024,0.0284937024116516,11.98578643798828,-5.534452438354492,-6.2847747802734375,4.02734375,2,B2,6.1,0,450.0,3.320791348746137,[6300|4300|0|0]
135,13500,1.3285610675811768,0.4936713576316833,0.0171056166291236,6.752614498138428,-8.259791374206543,-9.274981498718262,4.02734375,2,B2,6.1,0,450.0,3.3819998804866582,[6300|4400|0|0]
136,13600,1.305309176445007,0.5123586654663086,0.0032960616517812,0.8033550977706909,-4.206234455108643,-12.617759704589844,4.02734375,2,B2,6.1,0,450.0,3.414871900871578,[6300|4500|0|0]
137,13700,1.296827793121338,0.5200059413909912,0.0005989348865114,-0.2444067597389221,-0.2783336639404297,-12.354891777038574,4.02734375,2,B2,6.1,0,450.0,3.426606004371172,[6300|4600|0|0]
138,13800,1.2824727296829224,0.522015392780304,0.0037941746413707,0.0895713791251182,-0.2691561877727508,-13.153725624084473,4.03125,2,B2,6.1,0,450.0,3.4414490262433506,[6300|4700|0|0]
139,13900,1.2690786123275757,0.5270055532455444,0.0070402505807578,0.0121600003913044,-0.2020957916975021,-13.204353332519531,4.02734375,2,B2,6.1,0,450.0,3.456106484761181,[6300|4800|0|0]
140,14000,1.335240602493286,0.5088368058204651,0.0,-0.4099458754062652,-1.7039028406143188,5.596560001373291,4.03125,2,B2,6.1,0,450.0,3.5250780546572167,[6300|4900|0|0]
141,14100,1.319679856300354,0.556178629398346,0.0,-0.7191508412361145,-1.263472080230713,-2.5922675132751465,4.03125,2,B2,6.1,0,450.0,3.574911628498153,[6300|5000|0|0]
142,14200,1.3202601671218872,0.5553355813026428,0.0,-1.5322701930999756,-1.6203747987747192,-7.707812786102295,4.03125,2,B2,6.1,0,450.0,3.5759350984494738,[6300|5100|0|0]
143,14300,1.3214635848999023,0.5531624555587769,0.0,-2.905725479125977,-2.360269784927368,-10.605633735656738,4.03125,2,B2,6.1,0,450.0,3.578419185776259,[6300|5200|0|0]
144,14400,1.3223875761032104,0.551365852355957,0.0,-3.0616464614868164,-2.501547336578369,-12.538580894470217,4.1015625,2,B2,6.1,0,450.0,3.580439468630756,[6300|5300|0|0]
145,14500,1.3232955932617188,0.5497708916664124,0.0,-3.041146039962769,-2.497551441192627,-13.934243202209473,4.1015625,2,B2,6.1,0,450.0,3.582274787339138,[6300|5400|0|0]
146,14600,1.337083101272583,0.5163824558258057,0.0,-2.278407573699951,-2.886947631835937,-14.956716537475586,4.10546875,2,B2,6.1,0,450.0,3.61839795199884,[6300|5500|0|0]
147,14700,1.3374149799346924,0.5145275592803955,0.0,-2.475097417831421,-2.614086389541626,-15.52633571624756,4.10546875,2,B2,6.1,0,450.0,3.6202823045774566,[6300|5600|0|0]
148,14800,1.3372795581817627,0.515506386756897,0.0,-2.717348337173462,-2.6695897579193115,-16.111446380615234,4.10546875,2,B2,6.1,0,450.0,3.621270455517304,[6300|5700|0|0]
149,14900,1.337489366531372,0.5167710781097412,0.0,-3.0244736671447754,-2.587625026702881,-16.562862396240234,4.10546875,2,B2,6.1,0,450.0,3.622552432023144,[6300|5800|0|0]
150,15000,1.3375548124313354,0.5179295539855957,0.0,-3.1692612171173096,-2.476113557815552,-16.964675903320312,4.10546875,2,B2,6.1,0,450.0,3.62371275504746,[6300|5900|0|0]
151,15100,1.338642120361328,0.5196955800056458,0.0,-3.265031337738037,-2.406975269317627,-17.287843704223633,4.11328125,2,B2,6.1,0,450.0,3.62578666112974,[6300|6000|0|0]
152,15200,1.337511658668518,0.5189991593360901,0.0,-3.2803993225097656,-2.424123287200928,-17.382761001586914,4.11328125,2,B2,6.1,0,450.0,3.627114420666665,[6300|6100|0|0]
153,15300,1.337175965309143,0.5191518068313599,0.0,-3.249269723892212,-2.39635968208313,-17.533706665039062,4.11328125,2,B2,6.1,0,450.0,3.6274831906347216,[6300|6200|0|0]
154,15400,1.3369840383529663,0.5198001265525818,0.0,-3.228311061859131,-2.3972480297088623,-17.677228927612305,4.11328125,2,B2,6.1,0,450.0,3.6281593225874,[6300|6300|0|0]
155,15500,1.3370237350463867,0.5201895236968994,0.0,-3.195180892944336,-2.376863956451416,-17.786104202270508,4.11328125,2,B2,6.1,0,450.0,3.62855073792112,[6300|6400|0|0]
156,15600,1.3368664979934692,0.5198579430580139,0.0,-3.1305596828460693,-2.39986538887024,-17.856189727783203,4.11328125,2,B2,6.1,0,450.0,3.628917710959495,[6300|6500|0|0]
157,15700,1.337074875831604,0.5196678638458252,0.0,-3.080404281616211,-2.427293062210083,-17.888240814208984,4.11328125,2,B2,6.1,0,450.0,3.629199759590642,[6300|6600|0|0]
158,15800,1.3367774486541748,0.5203083157539368,0.0,-3.041934013366699,-2.445699691772461,-17.915760040283203,4.11328125,2,B2,6.1,0,450.0,3.6299059051652063,[6300|6700|0|0]
159,15900,1.3367513418197632,0.5193975567817688,0.0,-2.977505683898926,-2.497400522232056,-17.912599563598633,4.11328125,2,B2,6.1,0,450.0,3.630817038235722,[6300|6800|0|0]
160,16000,1.3367232084274292,0.519417405128479,0.0,-2.934223175048828,-2.5077104568481445,-17.91541290283203,4.1171875,2,B2,6.1,0,450.0,3.630851468522264,[6300|6900|0|0]
161,16100,1.3366626501083374,0.5196965336799622,0.0,-2.999056816101074,-2.5633676052093506,-17.90399932861328,4.1171875,2,B2,6.1,0,450.0,3.6311370907522535,[6300|7000|0|0]
162,16200,1.3368444442749023,0.5196622014045715,0.0,-2.9316232204437256,-2.551349401473999,-17.901580810546875,4.1171875,2,B2,6.1,0,450.0,3.6313220983848815,[6300|7100|0|0]
163,16300,1.3367807865142822,0.5194300413131714,0.0,-2.8995509147644043,-2.564827442169189,-17.87761878967285,4.1171875,2,B2,6.1,0,450.0,3.631562827731921,[6300|7200|0|0]
164,16400,1.3366917371749878,0.5194615125656128,0.0,-2.868273496627808,-2.580003499984741,-17.84780502319336,4.1171875,2,B2,6.1,0,450.0,3.631657274672364,[6300|7300|0|0]
165,16500,1.3368819952011108,0.519314169883728,0.0,-2.8460261821746826,-2.5949690341949463,-17.859249114990234,4.1171875,2,B2,6.1,0,450.0,3.631897915446983,[6300|7400|0|0]
166,16600,1.336674690246582,0.5193818211555481,0.0,-2.82366681098938,-2.594914436340332,-17.834712982177734,4.12109375,2,B2,6.1,0,450.0,3.632115979746562,[6300|7500|0|0]
167,16700,1.337005615234375,0.5194568634033203,0.0,-2.898484230041504,-2.619668483734131,-17.8636531829834,4.12109375,2,B2,6.1,0,450.0,3.632455306560263,[6300|7600|0|0]
168,16800,1.3368932008743286,0.519087016582489,0.0,-2.8633384704589844,-2.622422218322754,-17.872154235839844,4.12109375,2,B2,6.1,0,450.0,3.632841860126051,[6300|7700|0|0]
169,16900,1.3366891145706177,0.5197877883911133,0.0,-2.8144376277923584,-2.608689308166504,-17.85053253173828,4.12109375,2,B2,6.1,0,450.0,3.6335717452862815,[6300|7800|0|0]
170,17000,1.3366776704788208,0.519321858882904,0.0,-2.764843702316284,-2.6033523082733154,-17.872678756713867,4.12109375,2,B2,6.1,0,450.0,3.6340378153173463,[6300|7900|0|0]
171,17100,1.3366070985794067,0.5193518400192261,0.0,-2.7322847843170166,-2.603203058242798,-17.87063980102539,4.12109375,2,B2,6.1,0,450.0,3.634114491659996,[6300|8000|0|0]
172,17200,1.3368977308273315,0.5194135904312134,0.0,-2.7210817337036133,-2.60481858253479,-17.8625431060791,4.12109375,2,B2,6.1,0,450.0,3.6344116115296017,[6300|8100|0|0]
173,17300,1.336604118347168,0.5191990733146667,0.0,-2.6996991634368896,-2.599747657775879,-17.83563232421875,4.12109375,2,B2,6.1,0,450.0,3.6347752402988154,[6300|8200|0|0]
174,17400,1.3364975452423096,0.5193673968315125,0.0,-2.7023260593414307,-2.6010844707489014,-17.843063354492188,4.12109375,2,B2,6.1,0,450.0,3.634974465380073,[6300|8300|0|0]
175,17500,1.3367875814437866,0.5193034410476685,0.0,-2.811941623687744,-2.642601490020752,-17.844022750854492,4.12890625,2,B2,6.1,0,450.0,3.6352714693202057,[6300|8400|0|0]
176,17600,1.3367875814437866,0.5192787647247314,0.0,-2.784768581390381,-2.640477180480957,-17.85457992553711,4.12890625,2,B2,6.1,0,450.0,3.635296145643143,[6300|8500|0|0]
177,17700,1.3372290134429932,0.5191593766212463,0.0,-2.771238327026367,-2.6293091773986816,-17.88809585571289,4.12890625,2,B2,6.1,0,450.0,3.63575343737626,[6300|8600|0|0]
178,17800,1.337437391281128,0.518832266330719,0.0,-2.7618753910064697,-2.6385483741760254,-17.87269401550293,4.12890625,2,B2,6.1,0,450.0,3.636141280728136,[6300|8700|0|0]
179,17900,1.3373627662658691,0.5190781950950623,0.0,-2.762497663497925,-2.6305084228515625,-17.875843048095703,4.12890625,2,B2,6.1,0,450.0,3.636398282381893,[6300|8800|0|0]
180,18000,1.337182641029358,0.5188471674919128,0.0,-2.749432325363159,-2.628840446472168,-17.832609176635742,4.12890625,2,B2,6.1,0,450.0,3.6366912309341086,[6300|8900|0|0]
181,18100,1.3366985321044922,0.5193948745727539,0.0,-2.8312010765075684,-2.631664752960205,-17.827957153320312,4.12890625,2,B2,6.1,0,450.0,3.637422219646428,[6300|9000|0|0]
182,18200,1.3366727828979492,0.5191349387168884,0.0,-2.798908233642578,-2.6275012493133545,-17.825178146362305,4.12890625,2,B2,6.1,0,450.0,3.637683427745081,[6300|9100|0|0]
183,18300,1.3370014429092407,0.5188291072845459,0.0,-2.7852134704589844,-2.6359164714813232,-17.84437370300293,4.12890625,2,B2,6.1,0,450.0,3.6381323712471287,[6300|9200|0|0]
184,18400,1.336690902709961,0.5189063549041748,0.0,-2.7788891792297363,-2.623143434524536,-17.85399627685547,4.12890625,2,B2,6.1,0,450.0,3.638452375012899,[6300|9300|0|0]
185,18500,1.3367066383361816,0.5188465118408203,0.0,-2.784714460372925,-2.6226565837860107,-17.832231521606445,4.1328125,2,B2,6.1,0,450.0,3.638514252328324,[6300|9400|0|0]
186,18600,1.3367679119110107,0.518775999546051,0.0,-2.782132863998413,-2.6193952560424805,-17.823877334594727,4.1328125,2,B2,6.1,0,450.0,3.638607667716168,[6300|9500|0|0]
187,18700,1.3367843627929688,0.5190306305885315,0.0,-2.783970832824707,-2.615751266479492,-17.810752868652344,4.1328125,2,B2,6.1,0,450.0,3.6388628296242014,[6300|9600|0|0]
188,18800,1.336774230003357,0.519090473651886,0.0,-2.7583799362182617,-2.609368085861206,-17.804218292236328,4.1328125,2,B2,6.1,0,450.0,3.6389235244811258,[6300|9700|0|0]
189,18900,1.3366315364837646,0.5190332531929016,0.0,-2.727938652038574,-2.596426725387573,-17.82259178161621,4.1328125,2,B2,6.1,0,450.0,3.639077263290345,[6300|9800|0|0]
190,19000,1.3365652561187744,0.5194811224937439,0.0,-2.7301924228668213,-2.58960509300232,-17.81674575805664,4.1328125,2,B2,6.1,0,450.0,3.6395300104575594,[6300|9900|0|0]
191,19100,1.336692452430725,0.519126296043396,0.0,-2.721190452575684,-2.5972819328308105,-17.830217361450195,4.1328125,2,B2,6.1,0,450.0,3.6399069464092006,[6300|10000|0|0]
192,19200,1.3365530967712402,0.5190494656562805,0.0,-2.711744546890259,-2.5936012268066406,-17.823448181152344,4.1328125,2,B2,6.1,0,450.0,3.640066078141469,[6300|10100|0|0]
193,19300,1.336661696434021,0.5190603137016296,0.0,-2.710019826889038,-2.598207712173462,-17.851337432861328,4.1328125,2,B2,6.1,0,450.0,3.640175218266281,[6300|10200|0|0]
194,19400,1.3365691900253296,0.5192626714706421,0.0,-2.713259696960449,-2.594407081604004,-17.843358993530273,4.1328125,2,B2,6.1,0,450.0,3.640397717934435,[6300|10300|0|0]
195,19500,1.3364452123641968,0.5191621780395508,0.0,-2.710226058959961,-2.599123954772949,-17.854442596435547,4.1328125,2,B2,6.1,0,450.0,3.640557309256732,[6300|10400|0|0]
196,19600,1.337370991706848,0.518801748752594,0.0,-2.8286404609680176,-2.66117787361145,-17.848979949951172,4.13671875,2,B2,6.1,0,450.0,3.641550776247717,[6300|10500|0|0]
197,19700,1.3373701572418213,0.5192478895187378,0.0,-2.81598162651062,-2.646164655685425,-17.82842254638672,4.1328125,2,B2,6.1,0,450.0,3.641996917794254,[6300|10600|0|0]
198,19800,1.337307691574097,0.519038200378418,0.0,-2.794752836227417,-2.6534345149993896,-17.822721481323242,4.13671875,2,B2,6.1,0,450.0,3.642215713349996,[6300|10700|0|0]
199,19900,1.3371950387954712,0.5193467736244202,0.0,-2.787088394165039,-2.642350196838379,-17.819522857666016,4.13671875,2,B2,6.1,0,450.0,3.642544207028292,[6300|10800|0|0]
200,20000,1.3373081684112549,0.5188400149345398,0.0,-2.7683210372924805,-2.643369197845459,-17.81358528137207,4.13671875,2,B2,6.1,0,450.0,3.643063439808205,[6300|10900|0|0]
201,20100,1.337274432182312,0.5189970135688782,0.0,-2.81795597076416,-2.6955759525299072,-17.767621994018555,4.13671875,2,B2,6.1,0,450.0,3.6432240221992926,[6300|11000|0|0]
202,20200,1.3372451066970823,0.5189263224601746,0.0,-2.8033270835876465,-2.6654531955718994,-17.81570053100586,4.13671875,2,B2,6.1,0,450.0,3.6433005546560255,[6300|11100|0|0]
203,20300,1.3373366594314575,0.5188482999801636,0.0,-2.788578510284424,-2.6458945274353027,-17.81197166442871,4.13671875,2,B2,6.1,0,450.0,3.643420843519013,[6300|11200|0|0]
204,20400,1.3373345136642456,0.5186699032783508,0.0,-2.776997327804565,-2.6337475776672363,-17.813447952270508,4.13671875,2,B2,6.1,0,450.0,3.6435992531250734,[6300|11300|0|0]
205,20500,1.3374584913253784,0.518893301486969,0.0,-2.777923345565796,-2.6330955028533936,-17.81671142578125,4.13671875,2,B2,6.1,0,450.0,3.643854747195599,[6300|11400|0|0]
206,20600,1.3372033834457395,0.5190817713737488,0.0,-2.775972843170166,-2.623586177825928,-17.835582733154297,4.13671875,2,B2,6.1,0,450.0,3.6441719236898047,[6300|11500|0|0]
207,20700,1.3372522592544556,0.5189654231071472,0.0,-2.770179510116577,-2.6305975914001465,-17.857521057128906,4.13671875,2,B2,6.1,0,450.0,3.64429812101077,[6300|11600|0|0]
208,20800,1.3374156951904297,0.518872857093811,0.0,-2.765077829360962,-2.63248348236084,-17.84343910217285,4.13671875,2,B2,6.1,0,450.0,3.644485950113927,[6300|11700|0|0]
209,20900,1.3371648788452148,0.5190126299858093,0.0,-2.7723608016967773,-2.6258111000061035,-17.83942222595215,4.13671875,2,B2,6.1,0,450.0,3.6447730830106218,[6300|11800|0|0]
210,21000,1.3372339010238647,0.5191603302955627,0.0,-2.7751357555389404,-2.6263484954833984,-17.87272071838379,4.13671875,2,B2,6.1,0,450.0,3.644936115040134,[6300|11900|0|0]
211,21100,1.337293028831482,0.5189195275306702,0.0,-2.768683195114136,-2.629765272140503,-17.864519119262695,4.13671875,2,B2,6.1,0,450.0,3.645184070820896,[6300|12000|0|0]
212,21200,1.3368053436279297,0.5193038582801819,0.0,-2.8610944747924805,-2.63850736618042,-17.877290725708008,4.14453125,2,B2,6.1,0,450.0,3.645804995118041,[6300|12100|0|0]
213,21300,1.3368024826049805,0.518955647945404,0.0,-2.8267996311187744,-2.6425344944000244,-17.85939598083496,4.13671875,2,B2,6.1,0,450.0,3.646153217206223,[6300|12200|0|0]
214,21400,1.3367056846618652,0.5188947916030884,0.0,-2.811598777770996,-2.6364822387695312,-17.82900047302246,4.13671875,2,B2,6.1,0,450.0,3.646267555896925,[6300|12300|0|0]
215,21500,1.3367213010787964,0.5192804932594299,0.0,-2.805016279220581,-2.638291835784912,-17.827045440673828,4.14453125,2,B2,6.1,0,450.0,3.646653573565151,[6300|12400|0|0]
216,21600,1.336819410324097,0.5189123153686523,0.0,-2.789372205734253,-2.6340720653533936,-17.82879638671875,4.14453125,2,B2,6.1,0,450.0,3.647034599001665,[6300|12500|0|0]
217,21700,1.3367927074432373,0.5193012356758118,0.0,-2.798407077789306,-2.629557847976685,-17.845726013183594,4.14453125,2,B2,6.1,0,450.0,3.6474244349276224,[6300|12600|0|0]
218,21800,1.3366761207580566,0.5194272994995117,0.0,-2.7987582683563232,-2.622485876083374,-17.84136962890625,4.14453125,2,B2,6.1,0,450.0,3.647596145564472,[6300|12700|0|0]
219,21900,1.3367066383361816,0.5192205905914307,0.0,-2.791961908340454,-2.6241238117218018,-17.84251594543457,4.14453125,2,B2,6.1,0,450.0,3.647805095068551,[6300|12800|0|0]
220,22000,1.3368455171585083,0.5190621614456177,0.0,-2.787968873977661,-2.6316373348236084,-17.845439910888672,4.14453125,2,B2,6.1,0,450.0,3.648015777582144,[6300|12900|0|0]
221,22100,1.3367129564285278,0.5187956690788269,0.0,-2.778945207595825,-2.6299781799316406,-17.841642379760742,4.14453125,2,B2,6.1,0,450.0,3.648313419193298,[6300|13000|0|0]
222,22200,1.336938977241516,0.519015371799469,0.0,-2.78941297531128,-2.622854709625244,-17.840181350708008,4.14453125,2,B2,6.1,0,450.0,3.648628624988552,[6300|13100|0|0]
223,22300,1.3367745876312256,0.518689751625061,0.0,-2.777861833572388,-2.615408420562744,-17.822938919067383,4.14453125,2,B2,6.1,0,450.0,3.6489933885310735,[6300|13200|0|0]
224,22400,1.3368308544158936,0.5191035866737366,0.0,-2.783774375915528,-2.6164939403533936,-17.83283805847168,4.14453125,2,B2,6.1,0,450.0,3.649411031199594,[6300|13300|0|0]
225,22500,1.3366365432739258,0.5191074013710022,0.0,-2.7902426719665527,-2.616986989974976,-17.840816497802734,4.14453125,2,B2,6.1,0,450.0,3.649605379782836,[6300|13400|0|0]
226,22600,1.336943745613098,0.5189785361289978,0.0,-2.7997446060180664,-2.622799873352051,-17.830101013183594,4.14453125,2,B2,6.1,0,450.0,3.649938515682717,[6300|13500|0|0]
227,22700,1.336776852607727,0.5191555619239807,0.0,-2.8017163276672363,-2.6161587238311768,-17.819351196289062,4.14453125,2,B2,6.1,0,450.0,3.6501818085254634,[6300|13600|0|0]
228,22800,1.3367351293563845,0.5192469954490662,0.0,-2.8039791584014893,-2.6181461811065674,-17.838459014892578,4.14453125,2,B2,6.1,0,450.0,3.650282311854821,[6300|13700|0|0]
229,22900,1.3367317914962769,0.5188530087471008,0.0,-2.792107582092285,-2.6224637031555176,-17.841318130493164,4.14453125,2,B2,6.1,0,450.0,3.650676312695728,[6300|13800|0|0]
230,23000,1.3369368314743042,0.5189594626426697,0.0,-2.807096004486084,-2.633500814437866,-17.845279693603516,4.1484375,2,B2,6.1,0,450.0,3.650907340452656,[6300|13900|0|0]
231,23100,1.33729887008667,0.5192511081695557,0.0,-2.79252552986145,-2.6272757053375244,-17.871469497680664,4.14453125,2,B2,6.1,0,450.0,3.6513722372908863,[6300|14000|0|0]
232,23200,1.337385654449463,0.5191622972488403,0.0,-2.763969659805298,-2.6234676837921143,-17.84550666809082,4.1484375,2,B2,6.1,0,450.0,3.651496410175461,[6300|14100|0|0]
233,23300,1.3372416496276855,0.5189498066902161,0.0,-2.734523057937622,-2.6178972721099854,-17.827619552612305,4.1484375,2,B2,6.1,0,450.0,3.651753099922432,[6300|14200|0|0]
234,23400,1.3371193408966064,0.5189099907875061,0.0,-2.7293739318847656,-2.6072137355804443,-17.8326358795166,4.14453125,2,B2,6.1,0,450.0,3.65188172624869,[6300|14300|0|0]
235,23500,1.3374186754226685,0.519022524356842,0.0,-2.725926637649536,-2.607959985733032,-17.846940994262695,4.1484375,2,B2,6.1,0,450.0,3.652201515183333,[6300|14400|0|0]
236,23600,1.337048888206482,0.5189782977104187,0.0,-2.7168188095092773,-2.5927553176879883,-17.860963821411133,4.1484375,2,B2,6.1,0,450.0,3.652573937767918,[6300|14500|0|0]
237,23700,1.3372955322265625,0.5188383460044861,0.0,-2.717153549194336,-2.599562168121338,-17.88988494873047,4.1484375,2,B2,6.1,0,450.0,3.65285752153444,[6300|14600|0|0]
238,23800,1.3373126983642578,0.5193197131156921,0.0,-2.830633640289306,-2.6310300827026367,-17.880653381347656,4.1484375,2,B2,6.1,0,450.0,3.653339194631088,[6300|14700|0|0]
239,23900,1.33714759349823,0.5192424058914185,0.0,-2.795046329498291,-2.6164705753326416,-17.854476928710938,4.1484375,2,B2,6.1,0,450.0,3.6535215021287697,[6300|14800|0|0]
240,24000,1.3367983102798462,0.5188325643539429,0.0,-2.7462267875671387,-2.5989081859588623,-17.846721649169922,4.1484375,2,B2,6.1,0,450.0,3.6540599896889647,[6300|14900|0|0]
241,24100,1.3371185064315796,0.5185842514038086,0.0,-2.7622780799865723,-2.594273328781128,-17.87491798400879,4.1484375,2,B2,6.1,0,450.0,3.6544651870443223,[6300|15000|0|0]
242,24200,1.3371877670288086,0.51896733045578,0.0,-2.741463422775269,-2.596421480178833,-17.880229949951172,4.1484375,2,B2,6.1,0,450.0,3.654854476898272,[6300|15100|0|0]
243,24300,1.3369951248168943,0.5191541910171509,0.0,-2.7351040840148926,-2.5919888019561768,-17.870174407958984,4.1484375,2,B2,6.1,0,450.0,3.655122857022736,[6300|15200|0|0]
244,24400,1.3370985984802246,0.5189874172210693,0.0,-2.729257822036743,-2.6038644313812256,-17.868816375732422,4.1484375,2,B2,6.1,0,450.0,3.655319122908877,[6300|15300|0|0]
245,24500,1.3371526002883911,0.5189073085784912,0.0,-2.7145512104034424,-2.599071979522705,-17.83730697631836,4.1484375,2,B2,6.1,0,450.0,3.655415733415039,[6300|15400|0|0]
246,24600,1.337366223335266,0.5189105868339539,0.0,-2.829137086868286,-2.6430513858795166,-17.862051010131836,4.1484375,2,B2,6.1,0,450.0,3.655629381614458,[6300|15500|0|0]
247,24700,1.3373079299926758,0.5186527371406555,0.0,-2.8011999130249023,-2.6373279094696045,-17.86559295654297,4.1484375,2,B2,6.1,0,450.0,3.655893738528732,[6300|15600|0|0]
248,24800,1.3371247053146362,0.519149661064148,0.0,-2.7944343090057373,-2.627836227416992,-17.842411041259766,4.1484375,2,B2,6.1,0,450.0,3.656423365443061,[6300|15700|0|0]
249,24900,1.3372159004211426,0.5190970301628113,0.0,-2.781056880950928,-2.6203453540802,-17.896270751953125,4.1484375,2,B2,6.1,0,450.0,3.6565286581741785,[6300|15800|0|0]
250,25000,1.3372523784637451,0.5190259218215942,0.0,-2.769888401031494,-2.628612995147705,-17.897125244140625,4.1484375,2,B2,6.1,0,450.0,3.656608577156797,[6300|15900|0|0]
251,25100,1.3371843099594116,0.51921147108078,0.0,-2.769714832305908,-2.628241777420044,-17.867345809936523,4.1484375,2,B2,6.1,0,450.0,3.656806217863299,[6300|16000|0|0]
252,25200,1.337364673614502,0.5192260146141052,0.0,-2.7738704681396484,-2.6296310424804688,-17.8408203125,4.1484375,2,B2,6.1,0,450.0,3.6569871669236425,[6300|16100|0|0]
253,25300,1.337194561958313,0.5191601514816284,0.0,-2.7666914463043213,-2.6212124824523926,-17.839900970458984,4.1484375,2,B2,6.1,0,450.0,3.6571695838301808,[6300|16200|0|0]
254,25400,1.3371968269348145,0.5192020535469055,0.0,-2.7638931274414062,-2.6240720748901367,-17.83242416381836,4.1484375,2,B2,6.1,0,450.0,3.657211547066389,[6300|16300|0|0]
255,25500,1.3366540670394895,0.5191446542739868,0.0,-2.848496198654175,-2.6339142322540283,-17.815784454345703,4.1484375,2,B2,6.1,0,450.0,3.6577573336368574,[6300|16400|0|0]
256,25600,1.3408056497573853,0.5254244208335876,0.0,-2.977895498275757,-2.6872360706329346,-17.768692016601562,4.15234375,2,B2,6.1,0,450.0,3.66528535509715,[6300|16500|0|0]
257,25700,1.3415933847427368,0.5255358219146729,0.0,-2.9643235206604004,-2.707432746887207,-17.8501033782959,3.236328125,2,C1,6.1,0,450.0,3.666080928228932,[6300|16500|0|0]
258,25800,1.3390419483184814,0.5192634463310242,0.0,-2.1660189628601074,-3.5000853538513184,-18.1760196685791,3.599609375,2,C1,6.1,0,450.0,3.672852377356657,[6300|16500|0|0]
259,25900,1.354665994644165,0.5266880393028259,0.0093587096780538,-0.7951440215110779,-6.939030170440674,-18.60257339477539,3.6640625,2,C1,6.1,0,450.0,3.692520139080405,[6300|16500|0|0]
260,26000,1.3815559148788452,0.5314792990684509,0.0437454991042614,-3.803051710128784,-3.542509794235229,-17.091176986694336,3.68359375,2,C1,6.1,0,450.0,3.7364345475064735,[6300|16500|0|0]
261,26100,1.4213566780090332,0.5429510474205017,0.0899441242218017,2.6216747760772705,3.815796852111816,-13.84632968902588,3.65234375,2,C1,6.1,0,450.0,3.798483034343375,[6300|16500|0|0]
262,26200,1.4543052911758425,0.5513834357261658,0.1471163630485534,9.406824111938477,11.638582229614258,-6.644183158874512,3.658203125,2,C1,6.1,0,450.0,3.8650065728437935,[6300|16500|0|0]
263,26300,1.4706205129623413,0.552695631980896,0.2155219763517379,8.654022216796875,11.827107429504396,-2.226156711578369,3.66796875,2,C1,6.1,0,450.0,3.935343165399436,[6300|16500|0|0]
264,26400,1.46452534198761,0.5381393432617188,0.2908636629581451,7.545401096343994,9.906402587890623,-0.4214743971824646,3.66796875,2,C1,6.1,0,450.0,4.012319826740295,[6300|16500|0|0]
265,26500,1.438368320465088,0.5154182314872742,0.377458393573761,2.929546594619751,3.76470398902893,-0.2438824623823166,3.68359375,2,C1,6.1,0,450.0,4.1055887179398125,[6300|16500|0|0]
266,26600,1.412320613861084,0.4873050451278686,0.4656869769096374,-0.1475940346717834,0.4073039293289184,0.1321944594383239,3.6953125,2,C1,6.1,0,450.0,4.201781842351397,[6300|16500|0|0]
267,26700,1.3935555219650269,0.4644511044025421,0.5483563542366028,-3.258586883544922,-3.1648409366607666,-0.0802856907248497,3.6953125,2,C1,6.1,0,450.0,4.2895808015033845,[6300|16500|0|0]
268,26800,1.3779581785202026,0.4462834000587463,0.6510336399078369,-4.343610763549805,-3.819823980331421,-0.0778529793024063,3.7265625,2,C1,6.1,0,450.0,4.395013090658423,[6300|16500|0|0]
269,26900,1.375624656677246,0.4399013519287109,0.7419780492782593,-3.696809053421021,-2.6342456340789795,0.5960781574249268,3.7578125,2,C1,6.1,0,450.0,4.486211015296325,[6300|16500|0|0]
270,27000,1.3800780773162842,0.4422969818115234,0.8216801881790161,-2.267582654953003,-0.8581894636154175,1.5370686054229736,3.763671875,2,C1,6.1,0,450.0,4.566073415355922,[6300|16500|0|0]
271,27100,1.3866006135940552,0.448092371225357,0.8804607391357422,-0.3950895071029663,1.194412112236023,2.0467679500579834,3.7578125,2,C1,6.1,0,450.0,4.625498016227355,[6300|16500|0|0]
272,27200,1.3910707235336304,0.4557779431343078,0.9314841628074646,1.1247893571853638,2.524866342544556,1.6786351203918457,3.748046875,2,C1,6.1,0,450.0,4.6772902903773055,[6300|16500|0|0]
273,27301,1.390602469444275,0.461267352104187,0.96772038936615,1.908547282218933,2.493625402450561,1.3359439373016355,3.732421875,2,C1,6.1,0,450.0,4.713942943595636,[6300|16500|0|0]
274,27401,1.3858665227890017,0.4632205963134765,0.9943919777870178,1.9080250263214111,2.218544244766236,0.6569350361824036,3.720703125,2,C1,6.1,0,450.0,4.741102066971674,[6300|16500|0|0]
275,27501,1.3776240348815918,0.4613091051578522,1.0138765573501587,1.69145405292511,1.1521269083023071,-0.0427452810108661,3.716796875,2,C1,6.1,0,450.0,4.762344506711361,[6300|16500|0|0]
276,27601,1.3667490482330322,0.457505851984024,1.0286853313446045,0.6502325534820557,0.3179468512535095,-0.2519988119602203,3.716796875,2,C1,6.1,0,450.0,4.781106965412958,[6300|16500|0|0]
277,27701,1.3554775714874268,0.4510432183742523,1.0390050411224363,-0.3270111680030823,-0.7022627592086792,-0.4458363950252533,3.7109375,2,C1,6.1,0,450.0,4.797699380279383,[6300|16500|0|0]
278,27801,1.344306230545044,0.4460683465003967,1.0456072092056274,-1.1774927377700806,-1.1972038745880127,-0.1912300288677215,3.705078125,2,C1,6.1,0,450.0,4.811596748088107,[6300|16500|0|0]
279,27902,1.335840940475464,0.4425001740455627,1.049130916595459,-1.2496031522750854,-1.9654619693756104,0.1729641705751419,3.6953125,2,C1,6.1,0,450.0,4.821435930188196,[6300|16500|0|0]
280,28001,1.3295873403549194,0.4398717284202575,1.0514744520187378,-1.4246867895126345,-2.0331616401672363,0.3292236924171448,3.6953125,2,C1,6.1,0,450.0,4.828612865408262,[6300|16500|0|0]
281,28101,1.3269286155700684,0.4398267269134521,1.0525654554367063,-0.643788754940033,-1.6188201904296875,0.3636608123779297,3.6953125,2,C1,6.1,0,450.0,4.831487083749867,[6300|16500|0|0]
282,28201,1.3269973993301392,0.4414355456829071,1.0545519590377808,-0.4101552665233612,-1.088726043701172,0.3082526326179504,3.6953125,2,C1,6.1,0,450.0,4.834044274707868,[6300|16500|0|0]
283,28302,1.3289660215377808,0.4428489208221435,1.054936408996582,-0.0990128144621849,-1.0325289964675903,0.1265529543161392,3.6953125,2,C1,6.1,0,450.0,4.8364980278436684,[6300|16500|0|0]
284,28400,1.3332281112670898,0.4443121254444122,1.054748773574829,-0.3507324755191803,-0.5768505930900574,-0.0302338674664497,3.689453125,2,C1,6.1,0,450.0,4.841008192328341,[6300|16500|0|0]
285,28502,1.3379055261611938,0.4460303783416748,1.0528817176818848,-0.3034183084964752,0.0732076987624168,-0.0731357708573341,3.689453125,2,C1,6.1,0,450.0,4.846329517428155,[6300|16500|0|0]
286,28602,1.3423470258712769,0.4477962553501129,1.0515542030334473,-0.3199687600135803,0.7965542078018188,0.011168310418725,3.689453125,2,C1,6.1,0,450.0,4.8512901158220405,[6300|16500|0|0]
287,28702,1.3457942008972168,0.450280487537384,1.0504943132400513,-0.1223004534840583,0.931942343711853,0.1082689985632896,3.578125,2,C1,6.1,0,93.0,4.855669361372804,[6300|16500|0|0]
288,28800,1.3480699062347412,0.4494454562664032,1.0600693225860596,7.068375587463379,2.092844247817993,-0.3118679821491241,3.521484375,2,C1,6.1,0,93.0,4.865546451834216,[6300|16500|0|0]
289,28900,1.3445842266082764,0.4351624846458435,1.091576099395752,11.459961891174316,0.8659464716911316,0.3456283807754516,3.5625,2,C1,6.1,0,93.0,4.9003146877070325,[6300|16500|0|0]
290,29002,1.342443823814392,0.3954879343509674,1.1499669551849363,15.17984676361084,0.4318656921386719,2.1317620277404785,3.59375,2,C1,6.1,0,93.0,4.970941476569433,[6300|16500|0|0]
291,29100,1.341266632080078,0.3236629068851471,1.2235751152038574,15.320046424865724,3.949535369873047,6.017095565795898,3.658203125,2,C1,6.1,0,93.0,5.073792736028014,[6300|16500|0|0]
292,29200,1.336781024932861,0.2273884862661361,1.30525803565979,10.608311653137209,3.8748838901519775,9.375157356262209,3.6953125,2,C1,6.1,0,93.0,5.200129524934554,[6300|16500|0|0]
293,29300,1.3300679922103882,0.1148519068956375,1.3879119157791138,5.731812953948975,2.912339925765991,11.172051429748535,3.720703125,2,C1,6.1,0,93.0,5.3399194044091605,[6300|16500|0|0]
294,29400,1.326077580451965,-0.0128091583028435,1.468109369277954,-0.0922601297497749,2.1764581203460693,14.021859169006348,3.732421875,2,C1,6.1,0,93.0,5.49073353670886,[6300|16500|0|0]
295,29500,1.3164373636245728,-0.125101551413536,1.5241692066192627,-7.005948543548584,1.4416425228118896,4.3025383949279785,3.736328125,2,C1,6.1,0,93.0,5.61661133734797,[6300|16500|0|0]
296,29600,1.3174339532852173,-0.2252087295055389,1.5665206909179688,-11.632455825805664,0.4462228119373321,5.017264366149902,3.7265625,2,C1,6.1,0,93.0,5.7253131704456655,[6300|16500|0|0]
297,29700,1.3242005109786987,-0.3099158108234405,1.5899804830551147,-14.369183540344238,1.4690805673599243,0.7759684920310974,3.705078125,2,C1,6.1,0,93.0,5.813468929052434,[6300|16500|0|0]
298,29800,1.342657208442688,-0.3723233938217163,1.6003776788711548,-14.57474136352539,3.4176218509674072,-3.3730242252349854,3.68359375,2,C1,6.1,0,93.0,5.879373843723505,[6300|16500|0|0]
299,29900,1.3702127933502195,-0.4157080352306366,1.6006616353988647,-13.71051788330078,4.205896854400635,-1.361132025718689,3.66796875,2,C1,6.1,0,93.0,5.930770516778153,[6300|16500|0|0]
300,30000,1.4009593725204468,-0.4410883784294128,1.5963430404663086,-11.124743461608888,6.43800163269043,-2.034128189086914,3.658203125,2,C1,6.1,0,93.0,5.970872439596769,[6300|16500|0|0]
301,30100,1.4319497346878052,-0.4473757445812225,1.5925976037979126,-7.993879795074463,8.119924545288086,-1.3877463340759275,3.658203125,2,C1,6.1,0,93.0,6.002715206691164,[6300|16500|0|0]
302,30200,1.457165241241455,-0.4409536123275757,1.590163230895996,-4.854081153869629,9.197381973266602,-0.922428548336029,3.6640625,2,C1,6.1,0,93.0,6.0288493170618285,[6300|16500|0|0]
303,30300,1.4708422422409058,-0.427947461605072,1.5889394283294678,-2.057619333267212,9.05592441558838,-0.4870706796646118,3.6640625,2,C1,6.1,0,93.0,6.047762751590684,[6300|16500|0|0]
304,30400,1.4741952419281006,-0.4116906821727752,1.5913283824920654,0.291526198387146,8.468201637268066,-0.9571244716644288,3.66796875,2,C1,6.1,0,93.0,6.06453274224076,[6300|16500|0|0]
305,30500,1.4643114805221558,-0.4012326300144195,1.5925403833389282,1.8356473445892327,6.8779120445251465,-1.967420101165772,3.66796875,2,C1,6.1,0,93.0,6.078973259562842,[6300|16500|0|0]
306,30600,1.4475884437561035,-0.3925816714763641,1.5973000526428225,1.59611976146698,4.604166030883789,-2.270956516265869,3.6640625,2,C1,6.1,0,93.0,6.098393699675989,[6300|16500|0|0]
307,30700,1.4238364696502686,-0.3864865303039551,1.5997658967971802,1.111270546913147,2.286794185638428,-1.561010241508484,3.66796875,2,C1,6.1,0,93.0,6.123038930598613,[6300|16500|0|0]
308,30800,1.3969486951828003,-0.3832190632820129,1.6022855043411257,0.6284857988357544,0.2570183277130127,-0.3314255177974701,3.6640625,2,C1,6.1,0,93.0,6.150241452149536,[6300|16500|0|0]
309,30900,1.3758338689804075,-0.3798921406269073,1.6087650060653689,0.0851258710026741,-1.5993353128433228,0.9866565465927124,3.66796875,2,C1,6.1,0,93.0,6.172577258436858,[6300|16500|0|0]
310,31000,1.3544111251831057,-0.3775058388710022,1.6109119653701782,-0.0469568558037281,-2.228135108947754,1.7016968727111816,3.673828125,2,C1,6.1,0,93.0,6.194239156371517,[6300|16500|0|0]
311,31100,1.3364217281341553,-0.3722655177116394,1.6098015308380127,0.1139910072088241,-2.3830692768096924,1.3007158041000366,3.66796875,2,C1,6.1,0,93.0,6.213009144035026,[6300|16500|0|0]
312,31200,1.3247389793395996,-0.3685868382453918,1.6093496084213257,0.5024047493934631,-2.0104012489318848,0.9105166792869568,3.6640625,2,C1,6.1,0,93.0,6.225265715165762,[6300|16500|0|0]
313,31300,1.3154523372650146,-0.3660033941268921,1.6069406270980835,0.5010725259780884,-1.4711095094680786,0.3955510556697845,3.6640625,2,C1,6.1,0,93.0,6.235201463529655,[6300|16500|0|0]
314,31400,1.3087104558944702,-0.3634582757949829,1.603801965713501,0.4859588146209717,-1.1061525344848633,0.2153677195310592,3.66796875,2,C1,6.1,0,93.0,6.24306160265215,[6300|16500|0|0]
315,31500,1.3048484325408936,-0.3639751970767975,1.6005772352218628,0.368100494146347,-0.6716148257255554,-0.0033941189758479,3.658203125,2,C1,6.1,0,93.0,6.248119400467293,[6300|16500|0|0]
316,31600,1.3013664484024048,-0.3642188608646393,1.5963079929351809,0.1011605486273765,-0.3000792562961578,0.0285197235643863,3.6640625,2,C1,6.1,0,93.0,6.253633928124725,[6300|16500|0|0]
317,31700,1.2996219396591189,-0.3650005459785461,1.5926424264907837,-0.3453402817249298,-0.1850583702325821,0.6337467432022095,3.84375,2,C1,6.1,0,93.0,6.257768020495608,[6300|16500|0|0]
318,31800,1.298221230506897,-0.3630464971065521,1.576718807220459,-0.0800877660512924,-0.4706010222434997,0.4956160485744476,3.84375,2,C1,6.1,0,93.0,6.2738721176075085,[6300|16500|0|0]
319,31900,1.2968354225158691,-0.3579321503639221,1.5234408378601074,-0.3213019371032715,-0.8346362709999084,-0.18610879778862,3.7734375,2,C1,6.1,0,93.0,6.327412934052109,[6300|16500|0|0]
320,32000,1.2968693971633911,-0.3571513593196869,1.4375839233398438,0.0516274459660053,0.2466498017311096,6.004550457000732,3.689453125,2,C1,6.1,0,93.0,6.413273405515241,[6300|16500|0|0]
321,32100,1.292911410331726,-0.3549328148365021,1.336387038230896,-0.7249109745025635,-0.3835448026657104,8.481821060180664,3.658203125,2,C1,6.1,0,93.0,6.514571960071252,[6300|16500|0|0]
322,32200,1.2927443981170654,-0.3545903861522674,1.2164002656936646,-0.0191874243319034,0.3296888470649719,7.018332481384277,3.65234375,2,C1,6.1,0,93.0,6.634559337467314,[6300|16500|0|0]
323,32300,1.2948626279830933,-0.3537615835666656,1.095955729484558,-0.070385530591011,0.2733451426029205,8.644002914428711,3.6484375,2,C1,6.1,0,93.0,6.755025349745126,[6300|16500|0|0]
324,32400,1.296748161315918,-0.3528444766998291,0.9759784936904908,0.0852119252085685,0.7081750631332397,5.443835258483887,3.65234375,2,C1,6.1,0,93.0,6.875020905620081,[6300|16500|0|0]
325,32500,1.2992746829986572,-0.3519431352615356,0.8583506941795349,0.2749188840389251,-0.0139215337112545,4.540936470031738,3.658203125,2,C1,6.1,0,93.0,6.992679288007361,[6300|16500|0|0]
326,32600,1.3029391765594482,-0.3516715466976166,0.7415731549263,0.8993443250656128,0.2926762402057647,4.272054195404053,3.6640625,2,C1,6.1,0,93.0,7.109514624902694,[6300|16500|0|0]
327,32700,1.3076908588409424,-0.3534744083881378,0.6252551078796387,0.3279752731323242,-0.0062114023603498,4.32429838180542,3.6640625,2,C1,6.1,0,93.0,7.225943645612862,[6300|16500|0|0]
328,32800,1.3142753839492798,-0.3555518984794616,0.5077579021453857,-0.4385991990566253,-0.069096028804779,3.257965564727783,3.6640625,2,C1,6.1,0,93.0,7.343643540648241,[6300|16500|0|0]
329,32900,1.3228851556777954,-0.3575402796268463,0.3908967077732086,-0.9273149967193604,0.1944065690040588,0.6982148885726929,3.642578125,2,C1,6.1,0,93.0,7.460838338224311,[6300|16500|0|0]
330,33000,1.332555890083313,-0.3582772612571716,0.2780689895153045,-1.6059223413467407,0.2092091143131256,-2.2200164794921875,3.59375,2,C1,6.1,0,93.0,7.574082147119767,[6300|16500|0|0]
331,33100,1.3449240922927856,-0.3568122982978821,0.1761552393436432,-0.845084011554718,1.922938227653504,-3.614257574081421,3.57421875,2,C1,6.1,0,93.0,7.67675410539669,[6300|16500|0|0]
332,33200,1.3549792766571045,-0.3541129529476166,0.0915474072098732,0.6014121770858765,3.667448043823242,-3.096601247787476,3.568359375,2,C1,6.1,0,93.0,7.762000093315751,[6300|16500|0|0]
333,33300,1.359789490699768,-0.3521079123020172,0.0283477827906608,0.0932409688830375,4.143894195556641,-1.7913233041763306,3.583984375,2,C1,6.1,0,93.0,7.825414215353797,[6300|16500|0|0]
334,33400,1.3583141565322876,-0.3517672419548034,0.0003037297865375,-1.269826054573059,0.4548186957836151,-1.395196557044983,3.65234375,2,C1,6.1,0,93.0,7.8534991147855076,[6300|16500|0|0]
335,33500,1.354716658592224,-0.3481284379959106,0.021404031664133,2.011351585388184,-1.015094518661499,-2.1867477893829346,3.748046875,2,C1,6.1,0,93.0,7.875210992295425,[6300|16500|0|0]
336,33600,1.3549038171768188,-0.3491746485233307,0.0329048298299312,0.141840711236,-0.4741487801074981,-1.3490285873413086,3.7265625,2,C1,6.1,0,93.0,7.886760795032005,[6300|16500|0|0]
337,33700,1.3572570085525513,-0.3516672551631927,0.0317332483828067,2.1857407093048096,0.3085239827632904,-0.7855070233345032,3.705078125,2,C1,6.1,0,93.0,7.89038339086913,[6300|16500|0|0]
338,33800,1.35917866230011,-0.3562944233417511,0.0196070782840251,-0.2132355123758316,-0.3706037104129791,-0.0573723055422306,3.6796875,2,C1,6.1,0,93.0,7.9035038878011346,[6300|16500|0|0]
339,33900,1.3625245094299316,-0.361849308013916,0.0054600182920694,0.5594725608825684,0.3142659366130829,0.8500347137451172,3.66796875,2,C1,6.1,0,93.0,7.919066366496804,[6300|16500|0|0]
340,34000,1.3649393320083618,-0.3666791319847107,0.001744981855154,-2.23490571975708,-0.0870794132351875,-0.0703856647014617,3.7109375,2,C1,6.1,0,93.0,7.925620759176661,[6300|16500|0|0]
341,34100,1.3663116693496704,-0.3683832883834839,0.0073332707397639,-1.1914788484573364,2.595300674438477,0.0637232065200805,3.720703125,2,C1,6.1,0,93.0,7.931622128309424,[6300|16500|0|0]
342,34200,1.365312933921814,-0.367847204208374,0.0066091637127101,-1.1089365482330322,1.623348832130432,0.4778699874877929,3.701171875,2,C1,6.1,0,93.0,7.932967189528956,[6300|16500|0|0]
343,34300,1.3617234230041504,-0.3649657368659973,0.0012307618744671,-1.0430312156677246,1.7651983499526978,0.9012536406517028,3.689453125,2,C1,6.1,0,93.0,7.940046359607915,[6300|16500|0|0]
344,34400,1.357919216156006,-0.361269474029541,0.0009695159969851,-0.032283641397953,-0.4563456177711487,0.7022870182991028,3.705078125,2,C1,6.1,0,93.0,7.9453569714472545,[6300|16500|0|0]
345,34500,1.3544485569000244,-0.3563706874847412,0.0014332889113575,0.1510939300060272,0.2070972025394439,0.603602945804596,3.7109375,2,C1,6.1,0,93.0,7.951378488747633,[6300|16500|0|0]
346,34600,1.3511431217193604,-0.352534532546997,0.0,-1.1451934576034546,-0.1239524632692337,0.2384084016084671,3.689453125,2,C1,6.1,0,93.0,7.956641216514045,[6300|16500|0|0]
347,34700,1.3482571840286257,-0.349500834941864,0.0013452172279357,0.0557451471686363,-0.1231459826231002,1.1670756340026855,3.7109375,2,C1,6.1,0,93.0,7.961039121345272,[6300|16500|0|0]
348,34800,1.3449461460113523,-0.3475851714611053,0.0003887991188094,-0.1329113841056823,-0.2828046977519989,1.6424134969711304,3.701171875,2,C1,6.1,0,93.0,7.964982149993761,[6300|16500|0|0]
349,34900,1.3421701192855835,-0.3449049293994903,0.0,-0.6579027771949768,-1.010448694229126,2.381162166595459,3.705078125,2,C1,6.1,0,93.0,7.968860446868141,[6300|16500|0|0]
350,35000,1.3402613401412964,-0.3435614109039306,0.0016180521342903,1.209328293800354,0.5369768738746643,3.3587288856506348,3.716796875,2,C1,6.1,0,93.0,7.971700618074047,[6300|16500|0|0]
351,35100,1.3388328552246094,-0.3455677330493927,0.0012321942485868,1.48065185546875,-0.5033393502235413,3.696086645126343,3.701171875,2,C1,6.1,0,93.0,7.9741935649279805,[6300|16500|0|0]
352,35200,1.3382459878921509,-0.3493497669696808,0.0,0.0336084552109241,-0.1040131598711013,2.804527282714844,3.705078125,2,C1,6.1,0,93.0,7.978214323128416,[6300|16500|0|0]
353,35300,1.3387150764465332,-0.3538846969604492,0.0007672227802686,0.8439651131629944,-0.4624498784542084,0.8457305431365967,3.705078125,2,C1,6.1,0,93.0,7.982837554129306,[6300|16500|0|0]
354,35400,1.338320255279541,-0.3583250045776367,0.000746653706301,0.8316603899002075,-0.2188670039176941,-0.1989126503467559,3.705078125,2,C1,6.1,0,93.0,7.987295427902302,[6300|16500|0|0]
355,35500,1.337775468826294,-0.3629069924354553,0.0,-0.5979537963867188,-0.7068741917610168,-0.6413535475730896,3.6953125,2,C1,6.1,0,93.0,7.991969708249689,[6300|16500|0|0]
356,35600,1.3376599550247192,-0.3655619323253631,0.0011082376586273,0.5060478448867798,0.2563723027706146,-0.4791922867298126,3.7109375,2,C1,6.1,0,93.0,7.994848985930876,[6300|16500|0|0]
357,35700,1.337207913398743,-0.3686805963516235,0.0,-0.6193574070930481,-0.2656410336494446,-0.1155521348118782,3.701171875,2,C1,6.1,0,93.0,7.99818943465048,[6300|16500|0|0]
358,35800,1.336758375167847,-0.3710902631282806,0.0,-0.5022137761116028,-0.4833587408065796,0.9603845477104188,3.7109375,2,C1,6.1,0,93.0,8.00064067486628,[6300|16500|0|0]
359,35900,1.3367416858673096,-0.3728618621826172,0.0,-0.9127469658851624,-0.5418340563774109,0.5033788681030273,3.705078125,2,C1,6.1,0,93.0,8.002412352529424,[6300|16500|0|0]
360,36000,1.3362492322921753,-0.3727247714996338,0.0002551818906795,-0.1055408120155334,-0.0943969935178756,-0.5347628593444824,3.705078125,2,C1,6.1,0,93.0,8.00298368621157,[6300|16500|0|0]
361,36100,1.3352123498916626,-0.371347963809967,0.0001694311213213,-0.3273830115795135,0.0033446373417973,-0.4007023870944977,3.701171875,2,C1,6.1,0,93.0,8.004709396998829,[6300|16500|0|0]
362,36200,1.334269404411316,-0.3686055839061737,0.0,-0.5997640490531921,0.0758191123604774,-0.2526679337024688,3.705078125,2,C1,6.1,0,93.0,8.00761430674278,[6300|16500|0|0]
363,36300,1.3329495191574097,-0.3651711642742157,0.0,-0.3098361790180206,-0.1452494859695434,0.021742919459939,3.705078125,2,C1,6.1,0,93.0,8.011293618538737,[6300|16500|0|0]
364,36400,1.331802248954773,-0.3596004843711853,0.0,-1.0811121463775637,-0.5269184708595276,0.7952208518981934,3.701171875,2,C1,6.1,0,93.0,8.016981210603916,[6300|16500|0|0]
365,36500,1.3306602239608765,-0.3543034791946411,0.0005038894596509,-0.8699114918708801,0.9573801159858704,1.47741961479187,3.7109375,2,C1,6.1,0,93.0,8.022423304825313,[6300|16500|0|0]
366,36600,1.328487515449524,-0.347876489162445,0.0007438977481797,0.7212079763412476,0.5899080634117126,1.7600786685943604,3.701171875,2,C1,6.1,0,93.0,8.029211858951768,[6300|16500|0|0]
367,36700,1.3259751796722412,-0.3424581885337829,0.0,-1.298427939414978,-0.7700067162513733,2.665313720703125,3.974609375,2,C1,6.1,0,93.0,8.035230429930008,[6300|16500|0|0]
368,36800,1.3260648250579834,-0.3419392704963684,0.0,-1.0013935565948486,-0.4843012988567352,2.8066701889038086,3.98046875,2,C1,6.1,0,93.0,8.0357570343591,[6300|16500|0|0]
369,36900,1.326190710067749,-0.3417114019393921,0.0,-0.8936032652854919,-0.4267545640468597,2.8360636234283447,3.98046875,2,C1,6.1,0,93.0,8.036017363218319,[6300|16500|0|0]
370,37000,1.3263365030288696,-0.3415579497814178,0.0,-0.7689131498336792,-0.3653669059276581,2.8509347438812256,3.984375,2,C1,6.1,0,93.0,8.03622903076968,[6300|16500|0|0]
371,37100,1.3259358406066897,-0.3401682376861572,0.0,-0.951055645942688,-0.5280086398124695,2.8933401107788086,3.984375,2,C1,6.1,0,93.0,8.03767534680854,[6300|16500|0|0]
372,37200,1.3262852430343628,-0.3417167663574219,0.0,-0.7053714394569397,-0.3683400154113769,2.9201109409332275,3.984375,2,C1,6.1,0,93.0,8.039262804871669,[6300|16500|0|0]
373,37300,1.3262693881988523,-0.3420667946338653,0.0,-0.5151681303977966,-0.2393962293863296,2.9567437171936035,3.990234375,2,C1,6.1,0,93.0,8.039613192043408,[6300|16500|0|0]
374,37400,1.3263739347457886,-0.3421075344085693,0.0,-0.3649739921092987,-0.1269873231649398,2.967522144317627,3.990234375,2,C1,6.1,0,93.0,8.039725395919096,[6300|16500|0|0]
375,37500,1.3263016939163208,-0.3423191606998443,0.0,-0.2197999954223632,-0.022673524916172,3.013305187225342,3.990234375,2,C1,6.1,0,93.0,8.039949012610336,[6300|16500|0|0]
376,37600,1.3260456323623655,-0.3421716690063476,0.0,-0.1226288229227066,0.0631496906280517,3.0255603790283203,3.990234375,2,C1,6.1,0,93.0,8.040244514419237,[6300|16500|0|0]
377,37700,1.325947880744934,-0.3424240946769714,0.0,-0.0351217463612556,0.1345272213220596,3.066991806030273,3.99609375,2,C1,6.1,0,93.0,8.04051520630663,[6300|16500|0|0]
378,37800,1.3261257410049438,-0.3421913385391235,0.0,0.0276005454361438,0.1982655525207519,3.07454514503479,3.99609375,2,C1,6.1,0,93.0,8.040808139220104,[6300|16500|0|0]
379,37900,1.3260622024536133,-0.3426122069358825,0.0,0.0925173312425613,0.2666205465793609,3.105522394180298,3.99609375,2,C1,6.1,0,93.0,8.041233776806433,[6300|16500|0|0]
380,38000,1.3261632919311523,-0.3421381115913391,0.0,0.1270867586135864,0.309802770614624,3.103445053100586,3.99609375,2,C1,6.1,0,93.0,8.041718529813837,[6300|16500|0|0]
381,38100,1.3261268138885498,-0.3424522876739502,0.0,0.162236601114273,0.3482609391212463,3.125033378601074,4.0,2,C1,6.1,0,93.0,8.042034816485192,[6300|16500|0|0]
382,38200,1.3263208866119385,-0.3424338698387146,0.0,0.1899962276220321,0.3866294324398041,3.152660608291626,4.0,2,C1,6.1,0,93.0,8.042229761191757,[6300|16500|0|0]
383,38300,1.325922966003418,-0.3423198461532593,0.0,0.2095129936933517,0.4281777441501617,3.1619527339935303,4.0,2,C1,6.1,0,93.0,8.04264369622474,[6300|16500|0|0]
384,38400,1.326289415359497,-0.3423764705657959,0.0,0.2409036606550216,0.4520979821681976,3.2015135288238525,4.0,2,C1,6.1,0,93.0,8.043014494626389,[6300|16500|0|0]
385,38500,1.326022982597351,-0.3422577977180481,0.0,0.2473391443490982,0.4849812388420105,3.20509672164917,4.0,2,C1,6.1,0,93.0,8.043306161665214,[6300|16500|0|0]
386,38600,1.3259941339492798,-0.3428060114383697,0.0,0.2669638395309448,0.5031592845916748,3.226889133453369,4.0,2,C1,6.1,0,93.0,8.043855133911912,[6300|16500|0|0]
387,38700,1.3257949352264404,-0.3429344296455383,0.0,0.4282490313053131,0.65648353099823,3.2416200637817383,4.0078125,2,C1,6.1,0,93.0,8.044092138905768,[6300|16500|0|0]
388,38800,1.32597815990448,-0.3426693975925445,0.0,0.3902738988399505,0.6374204754829407,3.235750198364258,4.0078125,2,C1,6.1,0,93.0,8.04441433957578,[6300|16500|0|0]
389,38900,1.325903058052063,-0.342286080121994,0.0,0.3525158762931824,0.6194313168525696,3.254703521728516,4.0078125,2,C1,6.1,0,93.0,8.044804944966764,[6300|16500|0|0]
390,39000,1.3256434202194214,-0.3424360752105713,0.0,0.3287261128425598,0.6063715219497681,3.2385716438293457,4.0078125,2,C1,6.1,0,93.0,8.045104795480746,[6300|16500|0|0]
391,39100,1.3260879516601562,-0.3423326313495636,0.0,0.3162962198257446,0.5867345929145813,3.24248480796814,4.0078125,2,C1,6.1,0,93.0,8.04556120410707,[6300|16500|0|0]
392,39200,1.3258968591690063,-0.3425987362861633,0.0,0.3151757717132568,0.5861098170280457,3.241750717163086,4.0078125,2,C1,6.1,0,93.0,8.045888813901577,[6300|16500|0|0]
393,39300,1.325938701629639,-0.3425714373588562,0.0,0.309669554233551,0.5804843306541443,3.2634148597717285,4.0078125,2,C1,6.1,0,93.0,8.045938774115186,[6300|16500|0|0]
394,39400,1.3259629011154177,-0.3425421118736267,0.0,0.2319114357233047,0.5377528667449951,3.278471708297729,4.0078125,2,C1,6.1,0,93.0,8.045976795151415,[6300|16500|0|0]
395,39500,1.3260003328323364,-0.3423786461353302,0.0,0.1843533813953399,0.5034492015838623,3.262274265289306,4.0078125,2,C1,6.1,0,93.0,8.046144491844966,[6300|16500|0|0]
396,39600,1.3256683349609375,-0.3424322307109833,0.0,0.1476873457431793,0.4761548042297363,3.251826047897339,4.01171875,2,C1,6.1,0,93.0,8.046480786200199,[6300|16500|0|0]
397,39700,1.325996994972229,-0.3423873484134674,0.0,0.1393741369247436,0.4650022387504577,3.2723946571350098,4.01171875,2,C1,6.1,0,93.0,8.046812496651727,[6300|16500|0|0]
398,39800,1.3261569738388062,-0.3425924479961395,0.0,0.1317135542631149,0.4533944427967071,3.2731261253356934,4.01171875,2,C1,6.1,0,93.0,8.047072610235693,[6300|16500|0|0]
399,39900,1.3262126445770264,-0.3423912823200226,0.0,0.1429497599601745,0.452180415391922,3.263168334960937,4.01171875,2,C1,6.1,0,93.0,8.047281336995697,[6300|16500|0|0]
400,40000,1.3261663913726809,-0.342460960149765,0.0,0.1693738549947738,0.4777359068393707,3.254603147506714,4.01171875,2,C1,6.1,0,93.0,8.047364969279355,[6300|16500|0|0]
401,40100,1.325966477394104,-0.3422090709209442,0.0,0.1823789328336715,0.5010931491851807,3.2253258228302,4.01171875,2,C1,6.1,0,93.0,8.047686549413111,[6300|16500|0|0]
402,40200,1.3259943723678589,-0.3423583209514618,0.0,0.2021961659193039,0.5171808004379272,3.2050039768218994,4.01171875,2,C1,6.1,0,93.0,8.047838383866283,[6300|16500|0|0]
403,40300,1.3259636163711548,-0.3421802818775177,0.0,0.205905944108963,0.5271267294883728,3.23062801361084,4.01171875,2,C1,6.1,0,93.0,8.048019059938811,[6300|16500|0|0]
404,40400,1.3261127471923828,-0.3425219655036926,0.0,0.2266194224357605,0.5359619855880737,3.255060911178589,4.01171875,2,C1,6.1,0,93.0,8.048391870483506,[6300|16500|0|0]
405,40500,1.3258026838302612,-0.3426430225372314,0.0,0.2242754101753235,0.5358231663703918,3.2514312267303467,4.015625,2,C1,6.1,0,93.0,8.04872472795135,[6300|16500|0|0]
406,40600,1.3259248733520508,-0.3428072333335876,0.0,0.244387149810791,0.5433862209320068,3.258239984512329,4.015625,2,C1,6.1,0,93.0,8.048929411768189,[6300|16500|0|0]
407,40700,1.3257975578308103,-0.3427201509475708,0.0,0.2444020062685012,0.552080512046814,3.238748788833618,4.015625,2,C1,6.1,0,93.0,8.049083660216814,[6300|16500|0|0]
408,40800,1.3259388208389282,-0.342685729265213,0.0,0.2466268092393875,0.5489436984062195,3.239020586013794,4.015625,2,C1,6.1,0,93.0,8.049229056536158,[6300|16500|0|0]
409,40900,1.3258960247039795,-0.3426128625869751,0.0,0.2577562034130096,0.561057984828949,3.243647575378418,4.015625,2,C1,6.1,0,93.0,8.049313561340542,[6300|16500|0|0]
410,41000,1.326311111450195,-0.3421960175037384,0.0,0.2205632328987121,0.5259544253349304,3.2410976886749268,4.015625,2,C1,6.1,0,93.0,8.049901827292558,[6300|16500|0|0]
411,41100,1.325975775718689,-0.3422088623046875,0.0,0.2560658752918243,0.561636209487915,3.25699782371521,4.015625,2,C1,6.1,0,93.0,8.050237408939457,[6300|16500|0|0]
412,41200,1.3258438110351562,-0.3422946631908417,0.0,0.2865757346153259,0.574133038520813,3.266359329223633,4.015625,2,C1,6.1,0,93.0,8.050394814370637,[6300|16500|0|0]
413,41300,1.326978325843811,-0.3426265120506286,0.0,0.3041703104972839,0.5835018754005432,3.2729954719543457,4.015625,2,C1,6.1,0,93.0,8.051576866618552,[6300|16500|0|0]
414,41400,1.3264589309692385,-0.3426107764244079,0.0,0.3127694725990295,0.607439398765564,3.2894179821014404,4.015625,2,C1,6.1,0,93.0,8.052096499802312,[6300|16500|0|0]
415,41500,1.325963020324707,-0.3424152135848999,0.0,0.3235699534416199,0.6085235476493835,3.2843685150146484,4.0234375,2,C1,6.1,0,93.0,8.05262957783746,[6300|16500|0|0]
416,41600,1.3270879983901978,-0.3428381085395813,0.0,0.3277017772197723,0.6022501587867737,3.2861390113830566,4.0234375,2,C1,6.1,0,93.0,8.053831416341806,[6300|16500|0|0]
417,41700,1.3268219232559204,-0.3429539501667022,0.0,0.3227128386497497,0.6098489165306091,3.2586476802825928,4.0234375,2,C1,6.1,0,93.0,8.054121614997307,[6300|16500|0|0]
418,41800,1.3258814811706543,-0.3422914445400238,0.0,0.3078089654445648,0.6161984205245972,3.2634024620056152,4.0234375,2,C1,6.1,0,93.0,8.055271982339125,[6300|16500|0|0]
419,41900,1.3267924785614014,-0.3422703444957733,0.0,0.3039669990539551,0.6102756857872009,3.254533529281616,4.0234375,2,C1,6.1,0,93.0,8.056183224051194,[6300|16500|0|0]
420,42000,1.3267382383346558,-0.34235879778862,0.0,0.3060866594314575,0.6187136173248291,3.266228199005127,4.0234375,2,C1,6.1,0,93.0,8.056286983326505,[6300|16500|0|0]
421,42100,1.326051115989685,-0.3423812389373779,0.0,0.3090324401855469,0.6180859804153442,3.280740976333618,4.0234375,2,C1,6.1,0,93.0,8.056974472033405,[6300|16500|0|0]
422,42200,1.3168587684631348,-0.3544940650463104,0.0,0.5226807594299316,0.7574840784072876,3.222676515579224,4.0234375,2,C1,6.1,0,93.0,8.072180385665742,[6300|16500|0|0]
423,42300,1.326975703239441,-0.3425078690052032,0.0,0.2981884479522705,0.593826949596405,3.266650676727295,4.0234375,2,C1,6.1,0,93.0,8.08786545068964,[6300|16500|0|0]
424,42400,1.3267884254455566,-0.3424214720726013,0.0,0.2980806231498718,0.602329671382904,3.2685210704803467,4.0234375,2,C1,6.1,0,93.0,8.088071696664255,[6300|16500|0|0]
425,42500,1.3169264793395996,-0.3538811206817627,0.0,0.509174108505249,0.7586287260055542,3.208848237991333,4.0234375,2,C1,6.1,0,93.0,8.103190609563079,[6300|16500|0|0]
426,42600,1.3167109489440918,-0.354408323764801,0.0,0.5235018730163574,0.759294331073761,3.1980128288269043,4.0234375,2,C1,6.1,0,93.0,8.103760167674384,[6300|16500|0|0]
427,42700,1.3166757822036743,-0.3544431030750274,0.0,0.5208314061164856,0.7663255929946899,3.204669713973999,4.0234375,2,C1,6.1,0,93.0,8.103809627759821,[6300|16500|0|0]
428,42800,1.3268392086029053,-0.3423827886581421,0.0,0.2937373220920563,0.6052031517028809,3.2840421199798584,4.0234375,2,C1,6.1,0,93.0,8.119581324561583,[6300|16500|0|0]
429,42900,1.316719889640808,-0.3543312847614288,0.0,0.5181953310966492,0.7626542448997498,3.203997135162353,4.02734375,2,C1,6.1,0,93.0,8.135239139715267,[6300|16500|0|0]
430,43000,1.3168028593063354,-0.3545349240303039,0.0,0.5245369076728821,0.7575812935829163,3.201294183731079,4.02734375,2,C1,6.1,0,93.0,8.135459032682926,[6300|16500|0|0]
431,43100,1.3166790008544922,-0.354399561882019,0.0,0.5185526609420776,0.76389479637146,3.20595645904541,4.02734375,2,C1,6.1,0,93.0,8.135642509731303,[6300|16500|0|0]
432,43200,1.31659197807312,-0.3542757034301758,0.0,0.5097264051437378,0.7689763903617859,3.196821451187134,4.02734375,2,C1,6.1,0,93.0,8.135793883046556,[6300|16500|0|0]
433,43300,1.316800236701965,-0.3543913960456848,0.0,0.5051053166389465,0.7617249488830566,3.18250584602356,4.02734375,2,C1,6.1,0,93.0,8.136032119143259,[6300|16500|0|0]
434,43400,1.3168233633041382,-0.3544212579727173,0.0,0.520092248916626,0.7676911950111389,3.2045085430145264,4.02734375,2,C1,6.1,0,93.0,8.136069889163304,[6300|16500|0|0]
435,43500,1.3165273666381836,-0.3543079793453216,0.0,0.5117683410644531,0.7696174383163452,3.2152273654937744,4.02734375,2,C1,6.1,0,93.0,8.136386821448944,[6300|16500|0|0]
436,43600,1.3167457580566406,-0.3545879125595093,0.0,0.5114850401878357,0.7616333961486816,3.2190866470336914,4.02734375,2,C1,6.1,0,93.0,8.136741867102433,[6300|16500|0|0]
437,43700,1.3164680004119873,-0.3542534410953522,0.0,0.5061457753181458,0.7616677284240723,3.211157321929932,4.02734375,2,C1,6.1,0,93.0,8.13717663194634,[6300|16500|0|0]
438,43800,1.316009283065796,-0.3541216552257538,0.0,0.3750375807285309,0.6689899563789368,3.2185134887695312,4.02734375,2,C1,6.1,0,93.0,8.13765390453001,[6300|16500|0|0]
439,43900,1.316154718399048,-0.3544155657291412,0.0,0.4153464436531067,0.6926138997077942,3.212913990020752,4.02734375,2,C1,6.1,0,93.0,8.13798182955217,[6300|16500|0|0]
440,44001,1.3160148859024048,-0.3543244004249573,0.0,0.4479831159114837,0.7153570055961609,3.193962335586548,4.02734375,2,C1,6.1,0,93.0,8.138148755403387,[6300|16500|0|0]
441,44101,1.315773844718933,-0.3543751537799835,0.0,0.5211328268051147,0.7698850035667419,3.189009666442871,4.02734375,2,C1,6.1,0,93.0,8.13839508192485,[6300|16500|0|0]
442,44201,1.3157546520233154,-0.3544355034828186,0.0,0.5642797350883484,0.8113488554954529,3.196629762649536,4.02734375,2,C1,6.1,0,93.0,8.138458410008647,[6300|16500|0|0]
443,44301,1.3155564069747925,-0.3545777797698974,0.0,0.5978953838348389,0.8425938487052917,3.204057216644287,4.02734375,2,C1,6.1,0,93.0,8.138702425666196,[6300|16500|0|0]
444,44401,1.3156086206436155,-0.3544222116470337,0.0,0.6025840044021606,0.8504302501678467,3.1965203285217285,4.02734375,2,C1,6.1,0,93.0,8.138866522308646,[6300|16500|0|0]
445,44501,1.3156185150146484,-0.3548448085784912,0.0,0.6304401159286499,0.8637386560440063,3.2008180618286133,4.02734375,2,C1,6.1,0,93.0,8.139289235053965,[6300|16500|0|0]
446,44601,1.3166404962539673,-0.3547652065753937,0.0,0.6411005258560181,0.8793964982032776,3.2304494380950928,4.02734375,2,C1,6.1,0,93.0,8.14031431170106,[6300|16500|0|0]
447,44701,1.316852569580078,-0.3544673323631286,0.0,0.6369842886924744,0.8730130791664124,3.2139194011688232,4.02734375,2,C1,6.1,0,93.0,8.140679967470849,[6300|16500|0|0]
448,44801,1.3166770935058594,-0.3545337617397308,0.0,0.6462743282318115,0.8786301612854004,3.2147529125213623,4.02734375,2,C1,6.1,0,93.0,8.140867596665537,[6300|16500|0|0]
449,44902,1.316687822341919,-0.3545436263084411,0.0,0.6444048285484314,0.8818461894989014,3.205601453781128,4.02734375,2,C1,6.1,0,93.0,8.140882171220042,[6300|16500|0|0]
450,45002,1.315438151359558,-0.3547892868518829,0.0,0.6387628316879272,0.8838052749633789,3.2215375900268555,4.02734375,2,C1,6.1,0,93.0,8.142155759327226,[6300|16500|0|0]
451,45102,1.3166924715042114,-0.3547082543373108,0.0,0.6446198225021362,0.8806780576705933,3.224165916442871,4.03125,2,C1,6.1,0,93.0,8.14341269420768,[6300|16500|0|0]
452,45202,1.3165212869644165,-0.3543862998485565,0.0,0.6338518261909485,0.8788994550704956,3.221864461898804,4.03125,2,C1,6.1,0,93.0,8.14377732942196,[6300|16500|0|0]
453,45300,1.316620945930481,-0.3543747663497925,0.0,0.6316299438476562,0.858670175075531,3.212120771408081,4.03125,2,C1,6.1,0,93.0,8.143877653552211,[6300|16500|0|0]
454,45400,1.3165051937103271,-0.3543990850448608,0.0,0.6394048929214478,0.8610373735427856,3.221226215362549,4.03125,2,C1,6.1,0,93.0,8.143995932778623,[6300|16500|0|0]
455,45502,1.3169997930526731,-0.3543444573879242,0.0,0.4662590026855469,0.6967933177947998,3.229804992675781,4.03125,2,C1,6.1,0,93.0,8.144493539742351,[6300|16500|0|0]
456,45602,1.3168116807937622,-0.3543477952480316,0.0,0.5197231769561768,0.7427256107330322,3.220292806625366,4.03125,2,C1,6.1,0,93.0,8.144681681612392,[6300|16500|0|0]
457,45702,1.3167539834976196,-0.3543196320533752,0.0,0.5277915000915527,0.7527240514755249,3.224876880645752,4.03125,2,C1,6.1,0,93.0,8.144745885533732,[6300|16500|0|0]
458,45800,1.3166742324829102,-0.3544558882713318,0.0,0.5369448661804199,0.7598026990890503,3.24168348312378,4.03125,2,C1,6.1,0,93.0,8.144903765175481,[6300|16500|0|0]
459,45900,1.316732406616211,-0.3544491231441498,0.0,0.543968677520752,0.7685797214508057,3.2396998405456543,4.03125,2,C1,6.1,0,93.0,8.144962331349431,[6300|16500|0|0]
460,46000,1.3166980743408203,-0.3543253242969513,0.0,0.5388249754905701,0.7636123299598694,3.235710859298706,4.03125,2,C1,6.1,0,93.0,8.145090802590186,[6300|16500|0|0]
461,46100,1.316930055618286,-0.3545405566692352,0.0,0.5423948168754578,0.7604118585586548,3.2677195072174072,4.03125,2,C1,6.1,0,93.0,8.14540725209196,[6300|16500|0|0]
462,46200,1.316474676132202,-0.3542363941669464,0.0,0.545491635799408,0.781502902507782,3.274667739868164,4.03125,2,C1,6.1,0,93.0,8.145954869936944,[6300|16500|0|0]
463,46300,1.3165624141693115,-0.3542243540287018,0.0,0.5363354086875916,0.7695162892341614,3.2561850547790527,4.03125,2,C1,6.1,0,93.0,8.146043430244559,[6300|16500|0|0]
464,46400,1.316677808761597,-0.3542816638946533,0.0,0.5303841829299927,0.7647928595542908,3.2333977222442627,4.03125,2,C1,6.1,0,93.0,8.146172272522806,[6300|16500|0|0]
465,46500,1.316779613494873,-0.3546598553657532,0.0,0.538837194442749,0.758803129196167,3.2336854934692383,4.03125,2,C1,6.1,0,93.0,8.146563926697468,[6300|16500|0|0]
466,46600,1.316709041595459,-0.3543664515018463,0.0,0.5308277010917664,0.7585856914520264,3.231598138809204,4.03125,2,C1,6.1,0,93.0,8.146865698499235,[6300|16500|0|0]
467,46700,1.3165847063064575,-0.3540799617767334,0.0,0.5216346383094788,0.7612837553024292,3.225161552429199,4.03125,2,C1,6.1,0,93.0,8.1471780054423,[6300|16500|0|0]
468,46800,1.316657543182373,-0.3542405068874359,0.0,0.5280827283859253,0.7593404650688171,3.2280430793762207,4.03125,2,C1,6.1,0,93.0,8.147354300487788,[6300|16500|0|0]
469,46900,1.3167613744735718,-0.354318231344223,0.0,0.5235040783882141,0.7550727128982544,3.2338573932647705,4.03125,2,C1,6.1,0,93.0,8.147484000249602,[6300|16500|0|0]
470,47000,1.3157269954681396,-0.3539080917835235,0.0,0.3969158828258514,0.6859385371208191,3.2232141494750977,4.03125,2,C1,6.1,0,93.0,8.148596724108485,[6300|16500|0|0]
471,47100,1.3161228895187378,-0.3542869389057159,0.0,0.4406567811965942,0.7069898247718811,3.2263221740722656,4.03125,2,C1,6.1,0,93.0,8.149144681443769,[6300|16500|0|0]
472,47200,1.3158377408981323,-0.354381650686264,0.0,0.4668637812137604,0.7412247061729431,3.2300875186920166,4.03125,2,C1,6.1,0,93.0,8.149445147843235,[6300|16500|0|0]
473,47300,1.3158260583877563,-0.3541451096534729,0.0,0.4765149056911468,0.7526734471321106,3.2046077251434326,4.03125,2,C1,6.1,0,93.0,8.149681977193701,[6300|16500|0|0]
