time.ms,stateEstimate.x,stateEstimate.y,stateEstimate.z,stabilizer.roll,stabilizer.pitch,stabilizer.yaw,pm.vbat,drone_id,node_name,wind_speed,global_wind_direction,relative_wind_direction,travel_dist,waiting_time
0,1.6720426082611084,1.1585034132003784,-0.048584338277578354,4.134115219116211,7.281735897064209,140.51919555664062,4.11328125,0,A1,6.1,90,0,0.06758906139932243,[100|0|0|0]
100,1.6915221214294434,1.1708829402923584,-0.0451098307967186,-7.956789970397949,6.880119800567627,161.15365600585938,4.1171875,0,A1,6.1,90,0,0.09092950540818721,[200|0|0|0]
200,1.6893665790557861,1.1653026342391968,-0.044821374118328094,-11.45905876159668,1.6823970079421997,166.14300537109375,4.1171875,0,A1,6.1,90,0,0.09691861100308968,[300|0|0|0]
300,1.6881510019302368,1.1624138355255127,-0.04453563690185547,-10.962905883789062,-0.14896182715892792,168.32615661621094,4.1171875,0,A1,6.1,90,0,0.10006574168248943,[400|0|0|0]
400,1.6881686449050903,1.1621981859207153,-0.04515354707837105,-9.516429901123047,-0.5507100820541382,169.6984100341797,4.1171875,0,A1,6.1,90,0,0.10072043933244126,[500|0|0|0]
500,1.6894259452819824,1.165153980255127,-0.04185156896710396,-7.9272332191467285,-0.4205138087272644,170.20742797851562,4.1171875,0,A1,6.1,90,0,0.10532701982477609,[600|0|0|0]
600,1.6896387338638306,1.1648491621017456,-0.04146458953619003,-6.700100898742676,-0.32795819640159607,170.69810485839844,4.1171875,0,A1,6.1,90,0,0.10586362598123185,[700|0|0|0]
700,1.6896265745162964,1.165050745010376,-0.041833192110061646,-5.663013458251953,-0.23308806121349335,170.9617919921875,4.1171875,0,A1,6.1,90,0,0.10628392513213406,[800|0|0|0]
800,1.6897565126419067,1.1650450229644775,-0.042321521788835526,-4.822462558746338,-0.17020276188850403,171.1835174560547,4.1171875,0,A1,6.1,90,0,0.10678927900168271,[900|0|0|0]
900,1.6897876262664795,1.1651216745376587,-0.04198957234621048,-4.115287780761719,-0.120786152780056,171.31640625,4.1171875,0,A1,6.1,90,0,0.10713138125798086,[1000|0|0|0]
1000,1.690481424331665,1.165378212928772,-0.04183417558670044,-3.513277292251587,-0.07577609270811081,171.37855529785156,4.11328125,0,A1,6.1,90,0,0.10788723564490761,[1100|0|0|0]
1100,1.6899960041046143,1.1645697355270386,-0.04133293405175209,-3.0450594425201416,-0.06165546551346779,171.4331817626953,4.1171875,0,A1,6.1,90,0,0.10895518301360187,[1200|0|0|0]
1200,1.6903244256973267,1.1654033660888672,-0.04124648869037628,-2.5953588485717773,-0.06386226415634155,171.43666076660156,4.1171875,0,A1,6.1,90,0,0.1098553349211585,[1300|0|0|0]
1300,1.690199613571167,1.16543710231781,-0.041200779378414154,-2.2353267669677734,-0.07100283354520798,171.44700622558594,4.1171875,0,A1,6.1,90,0,0.10999246821828153,[1400|0|0|0]
1400,1.6903657913208008,1.1657919883728027,-0.04140808433294296,-1.9143366813659668,-0.07924829423427582,171.4493865966797,4.1171875,0,A1,6.1,90,0,0.1104357903366941,[1500|0|0|0]
1501,1.6903941631317139,1.1661230325698853,-0.04159372299909592,-1.6423574686050415,-0.0960502102971077,171.42694091796875,4.11328125,0,A1,6.1,90,0,0.11081639109135381,[1600|0|0|0]
1601,1.6906274557113647,1.1665704250335693,-0.04098851606249809,-1.3989101648330688,-0.10617826879024506,171.38848876953125,4.1171875,0,A1,6.1,90,0,0.11160433834871791,[1700|0|0|0]
1701,1.6906224489212036,1.1669567823410034,-0.04106632620096207,-1.1918120384216309,-0.12452360987663269,171.37660217285156,4.1171875,0,A1,6.1,90,0,0.11199848483747966,[1800|0|0|0]
1800,1.690431833267212,1.1668365001678467,-0.04132365807890892,-1.0241000652313232,-0.14294958114624023,171.31800842285156,4.1171875,0,A1,6.1,90,0,0.11234056936524092,[1900|0|0|0]
1901,1.6907317638397217,1.167484998703003,-0.04106437787413597,-0.8741076588630676,-0.1542596071958542,171.2904815673828,4.1171875,0,A1,6.1,90,0,0.1131006581251979,[2000|0|0|0]
2001,1.6907243728637695,1.1676526069641113,-0.040846772491931915,-0.6789848804473877,-0.13417106866836548,171.26522827148438,4.11328125,0,A1,6.1,90,0,0.11337542940841629,[2100|0|0|0]
2101,1.6906415224075317,1.1677000522613525,-0.04150102660059929,-0.5969582796096802,-0.17342406511306763,171.3512420654297,4.1171875,0,A1,6.1,90,0,0.11403661296314013,[2200|0|0|0]
2201,1.6908771991729736,1.1679242849349976,-0.041307754814624786,-0.5197674632072449,-0.18331947922706604,171.34164428710938,4.1171875,0,A1,6.1,90,0,0.11441500140502614,[2300|0|0|0]
2301,1.6907989978790283,1.167784333229065,-0.04115966707468033,-0.45681896805763245,-0.2073228806257248,171.3294677734375,4.1171875,0,A1,6.1,90,0,0.11463324874427688,[2400|0|0|0]
2401,1.6907761096954346,1.1678447723388672,-0.04137270525097847,-0.40913885831832886,-0.22140690684318542,171.2944793701172,4.1171875,0,A1,6.1,90,0,0.1148558740337261,[2500|0|0|0]
2501,1.6908173561096191,1.1677589416503906,-0.04124206304550171,-0.37062716484069824,-0.23704469203948975,171.2756805419922,4.11328125,0,A1,6.1,90,0,0.11501753899473893,[2600|0|0|0]
2601,1.6907798051834106,1.1678181886672974,-0.04105609282851219,-0.3459851145744324,-0.2589837908744812,171.2810516357422,4.1171875,0,A1,6.1,90,0,0.11521629815220996,[2700|0|0|0]
2702,1.690713882446289,1.167793869972229,-0.04146851226687431,-0.33202293515205383,-0.2838614583015442,171.28379821777344,4.1171875,0,A1,6.1,90,0,0.11563466043461405,[2800|0|0|0]
2802,1.6909126043319702,1.167992353439331,-0.04110435023903847,-0.31783097982406616,-0.2984105944633484,171.29193115234375,4.1171875,0,A1,6.1,90,0,0.11609455178817382,[2900|0|0|0]
2902,1.6908067464828491,1.1683298349380493,-0.04084283113479614,-0.29112058877944946,-0.3045496344566345,171.29690551757812,4.1171875,0,A1,6.1,90,0,0.11653442891656467,[3000|0|0|0]
3002,1.6910992860794067,1.1684482097625732,-0.04100354015827179,-0.2873688340187073,-0.30484631657600403,171.31053161621094,4.11328125,0,A1,6.1,90,0,0.11688857493851276,[3100|0|0|0]
3102,1.6908609867095947,1.1684513092041016,-0.040706098079681396,-0.2883968651294708,-0.3217937648296356,171.3357696533203,4.1171875,0,A1,6.1,90,0,0.11726971531462997,[3200|0|0|0]
3202,1.6909422874450684,1.1686285734176636,-0.040948133915662766,-0.28653085231781006,-0.3302885591983795,171.34312438964844,4.1171875,0,A1,6.1,90,0,0.1175805428502466,[3300|0|0|0]
3302,1.6907459497451782,1.1682478189468384,-0.04156102240085602,-0.3042626976966858,-0.3503832519054413,171.33248901367188,4.1171875,0,A1,6.1,90,0,0.11832830936108672,[3400|0|0|0]
3402,1.6905040740966797,1.1682426929473877,-0.04155395179986954,-0.3036419153213501,-0.3644433319568634,171.3507537841797,4.1171875,0,A1,6.1,90,0,0.11857034262038235,[3500|0|0|0]
3502,1.6908260583877563,1.1682403087615967,-0.041072919964790344,-0.30202221870422363,-0.3655354976654053,171.34519958496094,4.11328125,0,A1,6.1,90,0,0.11914919596485025,[3600|0|0|0]
3602,1.6904492378234863,1.1684155464172363,-0.04152269661426544,-0.30241623520851135,-0.3800027072429657,171.37086486816406,4.1171875,0,A1,6.1,90,0,0.11976156922359356,[3700|0|0|0]
3702,1.6907939910888672,1.1685994863510132,-0.040879201143980026,-0.20340585708618164,-0.3274879455566406,171.47564697265625,4.1171875,0,A1,6.1,90,0,0.12051441391774133,[3800|0|0|0]
3800,1.6909379959106445,1.1682229042053223,-0.04103989526629448,-0.23041222989559174,-0.3356302082538605,171.46051025390625,4.1171875,0,A1,6.1,90,0,0.12094843477218811,[3900|0|0|0]
3900,1.690970540046692,1.1681468486785889,-0.04104980453848839,-0.2591429352760315,-0.35258427262306213,171.44618225097656,4.1171875,0,A1,6.1,90,0,0.12103175198297422,[4000|0|0|0]
4000,1.6906142234802246,1.1681609153747559,-0.0414474718272686,-0.2673451602458954,-0.36956822872161865,171.46844482421875,4.11328125,0,A1,6.1,90,0,0.12156588552437178,[4100|0|0|0]
4100,1.6907514333724976,1.1678407192230225,-0.04109365493059158,-0.2916821837425232,-0.38246336579322815,171.4615020751953,4.1171875,0,A1,6.1,90,0,0.12206241198539534,[4200|0|0|0]
4200,1.6907082796096802,1.1682209968566895,-0.0411006361246109,-0.28006309270858765,-0.38149353861808777,171.4300079345703,4.1171875,0,A1,6.1,90,0,0.12244519398991306,[4300|0|0|0]
4300,1.6908137798309326,1.1686838865280151,-0.0409410186111927,-0.2673150599002838,-0.38851192593574524,171.3904571533203,4.1171875,0,A1,6.1,90,0,0.1229460681209022,[4400|0|0|0]
4400,1.6906989812850952,1.1682673692703247,-0.04116762802004814,-0.29507574439048767,-0.39982497692108154,171.42288208007812,4.1171875,0,A1,6.1,90,0,0.12343393814074576,[4500|0|0|0]
4500,1.6906983852386475,1.1685746908187866,-0.04076932743191719,-0.2926997244358063,-0.41038039326667786,171.4177703857422,4.11328125,0,A1,6.1,90,0,0.12393701889760876,[4600|0|0|0]
4600,1.6906414031982422,1.168502926826477,-0.04083983600139618,-0.29930579662323,-0.41434767842292786,171.41268920898438,4.1171875,0,A1,6.1,90,0,0.12405264104899391,[4700|0|0|0]
4700,1.6903860569000244,1.1683262586593628,-0.040733058005571365,-0.2154993712902069,-0.3818272650241852,171.55862426757812,4.1171875,0,A1,6.1,90,0,0.12438099286287256,[4800|0|0|0]
4800,1.6904418468475342,1.1680184602737427,-0.040983110666275024,-0.23876981437206268,-0.3805007338523865,171.54112243652344,4.11328125,0,A1,6.1,90,0,0.1247814659550504,[4900|0|0|0]
4900,1.691113829612732,1.1683181524276733,-0.040842264890670776,-0.247005432844162,-0.3811227083206177,171.5819549560547,4.1171875,0,A1,6.1,90,0,0.12553060796852714,[5000|0|0|0]
5000,1.6907843351364136,1.1687159538269043,-0.04118632897734642,-0.31073522567749023,-0.4295695424079895,171.5696258544922,4.11328125,0,A1,6.1,90,0,0.1261512468803707,[5100|0|0|0]
5100,1.6905100345611572,1.1680357456207275,-0.04104924201965332,-0.2387600839138031,-0.39783748984336853,171.69757080078125,4.11328125,0,A1,6.1,90,0,0.12689738148170326,[5200|0|0|0]
5200,1.690489649772644,1.1683720350265503,-0.04116126894950867,-0.24376113712787628,-0.40139806270599365,171.74191284179688,4.1171875,0,A1,6.1,90,0,0.12725242533404288,[5300|0|0|0]
5300,1.6906037330627441,1.1679658889770508,-0.04123030602931976,-0.327245831489563,-0.42938852310180664,171.71434020996094,4.1171875,0,A1,6.1,90,0,0.1276799013321913,[5400|0|0|0]
5400,1.6906508207321167,1.1682798862457275,-0.04103256016969681,-0.29592132568359375,-0.4161142110824585,171.67184448242188,4.1171875,0,A1,6.1,90,0,0.12805395341190937,[5500|0|0|0]
5500,1.6904970407485962,1.1685855388641357,-0.04102259874343872,-0.28838539123535156,-0.4276168644428253,171.58897399902344,4.11328125,0,A1,6.1,90,0,0.1283962559630019,[5600|0|0|0]
5600,1.6907458305358887,1.1681747436523438,-0.04097449779510498,-0.30598822236061096,-0.41816675662994385,171.50949096679688,4.1171875,0,A1,6.1,90,0,0.12887891812800228,[5700|0|0|0]
5700,1.6905174255371094,1.1684105396270752,-0.04160130023956299,-0.29580697417259216,-0.4217090904712677,171.40615844726562,4.11328125,0,A1,6.1,90,0,0.12958648430126488,[5800|0|0|0]
5800,1.690677523612976,1.1683173179626465,-0.04114048182964325,-0.29606786370277405,-0.4078473746776581,171.31243896484375,4.1171875,0,A1,6.1,90,0,0.1300831484529167,[5900|0|0|0]
5900,1.6908775568008423,1.168377161026001,-0.04155595600605011,-0.28605011105537415,-0.39569899439811707,171.2553253173828,4.1171875,0,A1,6.1,90,0,0.13054813582881045,[6000|0|0|0]
6000,1.6908823251724243,1.1685259342193604,-0.04096117988228798,-0.28118178248405457,-0.39844414591789246,171.18289184570312,4.11328125,0,A1,6.1,90,0,0.1311612547714532,[6100|0|0|0]
6100,1.6908286809921265,1.168342113494873,-0.04098619148135185,-0.28340715169906616,-0.3991639316082001,171.1481170654297,4.1171875,0,A1,6.1,90,0,0.1313543695997772,[6200|0|0|0]
6200,1.690820336341858,1.1684226989746094,-0.041165541857481,-0.2780013084411621,-0.39788320660591125,171.0867919921875,4.1171875,0,A1,6.1,90,0,0.13155116952393903,[6300|0|0|0]
6300,1.6906527280807495,1.168086290359497,-0.04111703857779503,-0.28658658266067505,-0.3985360860824585,171.0387420654297,4.11328125,0,A1,6.1,90,0,0.13193013634788783,[6400|0|0|0]
6400,1.6905332803726196,1.1683505773544312,-0.0414656363427639,-0.2823900282382965,-0.3988783359527588,171.0050048828125,4.1171875,0,A1,6.1,90,0,0.13238360715445652,[6500|0|0|0]
6500,1.6908046007156372,1.1683416366577148,-0.041189178824424744,-0.2866077423095703,-0.3906337022781372,170.9819793701172,4.11328125,0,A1,6.1,90,0,0.13277106479606293,[6600|0|0|0]
6600,1.6908401250839233,1.168554663658142,-0.04085530340671539,-0.27940765023231506,-0.3887128233909607,170.96200561523438,4.1171875,0,A1,6.1,90,0,0.13316870191480784,[6700|0|0|0]
6700,1.6905659437179565,1.1681952476501465,-0.0413261279463768,-0.2860872745513916,-0.3941377103328705,170.95249938964844,4.1171875,0,A1,6.1,90,0,0.13382141244436463,[6800|0|0|0]
6800,1.6905211210250854,1.1685515642166138,-0.04128088057041168,-0.2750048041343689,-0.39543116092681885,170.9438018798828,4.1171875,0,A1,6.1,90,0,0.1341833763850645,[6900|0|0|0]
6900,1.6911604404449463,1.1681139469146729,-0.041635677218437195,-0.2733715772628784,-0.3823343515396118,171.0472412109375,4.1171875,0,A1,6.1,90,0,0.1350355024819653,[7000|0|0|0]
7000,1.6909233331680298,1.1678409576416016,-0.04123662784695625,-0.28526896238327026,-0.3964974880218506,171.02023315429688,4.11328125,0,A1,6.1,90,0,0.13557400355425586,[7100|0|0|0]
7100,1.6909478902816772,1.1679551601409912,-0.041512198746204376,-0.2783709466457367,-0.3991258144378662,171.00233459472656,4.1171875,0,A1,6.1,90,0,0.13587331039214962,[7200|0|0|0]
7200,1.6903406381607056,1.1677824258804321,-0.041642751544713974,-0.2858102023601532,-0.414532333612442,170.99864196777344,4.11328125,0,A1,6.1,90,0,0.13651800900110903,[7300|0|0|0]
7300,1.690913200378418,1.1681559085845947,-0.04119478538632393,-0.2747161090373993,-0.39503252506256104,170.97781372070312,4.1171875,0,A1,6.1,90,0,0.13733531586057068,[7400|0|0|0]
7400,1.6909104585647583,1.1679610013961792,-0.04136110469698906,-0.2791980504989624,-0.3926789164543152,170.96429443359375,4.1171875,0,A1,6.1,90,0,0.1375915548949474,[7500|0|0|0]
7500,1.691093921661377,1.1682958602905273,-0.041650839149951935,-0.271409809589386,-0.3918173015117645,170.97100830078125,4.11328125,0,A1,6.1,90,0,0.13807086193660092,[7600|0|0|0]
7600,1.6908620595932007,1.1680587530136108,-0.041729383170604706,-0.2797674238681793,-0.388119101524353,171.00540161132812,4.1171875,0,A1,6.1,90,0,0.1384116683957622,[7700|0|0|0]
7700,1.690985918045044,1.1683515310287476,-0.04150635376572609,-0.27211204171180725,-0.38542625308036804,171.01609802246094,4.1171875,0,A1,6.1,90,0,0.13880000072467766,[7800|0|0|0]
7800,1.6908191442489624,1.1679569482803345,-0.04171499237418175,-0.28946948051452637,-0.39185917377471924,171.030029296875,4.11328125,0,A1,6.1,90,0,0.13927648693994835,[7900|0|0|0]
7900,1.6908845901489258,1.1682212352752686,-0.041378188878297806,-0.28549036383628845,-0.39127954840660095,171.0128631591797,4.1171875,0,A1,6.1,90,0,0.1397095774343637,[8000|0|0|0]
8000,1.6905419826507568,1.1678727865219116,-0.04169608652591705,-0.2969556450843811,-0.4022364914417267,171.01605224609375,4.11328125,0,A1,6.1,90,0,0.1402925485707671,[8100|0|0|0]
8100,1.690972924232483,1.1680583953857422,-0.04131895676255226,-0.28880372643470764,-0.3902030289173126,171.00860595703125,4.11328125,0,A1,6.1,90,0,0.14089453541082975,[8200|0|0|0]
8200,1.6906887292861938,1.167686104774475,-0.04134526476264,-0.29295358061790466,-0.3931393325328827,170.9788360595703,4.1171875,0,A1,6.1,90,0,0.14136364006610666,[8300|0|0|0]
8300,1.6907234191894531,1.1679078340530396,-0.04166094958782196,-0.2843588888645172,-0.3957832157611847,170.97796630859375,4.1171875,0,A1,6.1,90,0,0.14175096960436964,[8400|0|0|0]
8400,1.6905606985092163,1.1677440404891968,-0.041799262166023254,-0.29271042346954346,-0.3961557447910309,171.00399780273438,4.11328125,0,A1,6.1,90,0,0.14202011031221914,[8500|0|0|0]
8500,1.6906825304031372,1.1677600145339966,-0.0413314513862133,-0.2901088297367096,-0.39437708258628845,170.99728393554688,4.11328125,0,A1,6.1,90,0,0.1425037890342961,[8600|0|0|0]
8600,1.6907985210418701,1.1679767370224,-0.04173852130770683,-0.28567710518836975,-0.396066814661026,171.01145935058594,4.1171875,0,A1,6.1,90,0,0.14297931861932542,[8700|0|0|0]
8700,1.6910364627838135,1.1679646968841553,-0.04131288081407547,-0.2851077914237976,-0.39705467224121094,171.00112915039062,4.11328125,0,A1,6.1,90,0,0.14346710040179247,[8800|0|0|0]
8800,1.6909204721450806,1.1681543588638306,-0.04162692651152611,-0.2792573571205139,-0.39816245436668396,171.01409912109375,4.11328125,0,A1,6.1,90,0,0.1438518733152041,[8900|0|0|0]
8900,1.691171646118164,1.1679260730743408,-0.041310686618089676,-0.2830401360988617,-0.39184972643852234,171.01515197753906,4.1171875,0,A1,6.1,90,0,0.144315781104143,[9000|0|0|0]
9000,1.6908358335494995,1.1680452823638916,-0.04125440865755081,-0.2860090732574463,-0.40191900730133057,171.00942993164062,4.11328125,0,A1,6.1,90,0,0.1446765416131108,[9100|0|0|0]
9100,1.6906085014343262,1.167714238166809,-0.04168703407049179,-0.29960134625434875,-0.4083723723888397,171.0066680908203,4.1171875,0,A1,6.1,90,0,0.14526682535753677,[9200|0|0|0]
9200,1.6912235021591187,1.1679401397705078,-0.041312236338853836,-0.2906950116157532,-0.39238661527633667,170.99842834472656,4.1171875,0,A1,6.1,90,0,0.146021630475226,[9300|0|0|0]
9300,1.691070795059204,1.1675891876220703,-0.04178967326879501,-0.30146437883377075,-0.3942491114139557,170.99307250976562,4.11328125,0,A1,6.1,90,0,0.14663353969310794,[9400|0|0|0]
9400,1.6908249855041504,1.1679706573486328,-0.04156520590186119,-0.2897967994213104,-0.3997463881969452,171.01417541503906,4.1171875,0,A1,6.1,90,0,0.14713982724821628,[9500|0|0|0]
9500,1.6904939413070679,1.1676989793777466,-0.04144612327218056,-0.29973286390304565,-0.40888509154319763,171.02548217773438,4.11328125,0,A1,6.1,90,0,0.14758432680162273,[9600|0|0|0]
9600,1.6908776760101318,1.1680916547775269,-0.04096731171011925,-0.28690385818481445,-0.4003349542617798,171.0405731201172,4.11328125,0,A1,6.1,90,0,0.14831282306372143,[9700|0|0|0]
9700,1.6909868717193604,1.1678086519241333,-0.041739098727703094,-0.2970610558986664,-0.39815253019332886,171.04237365722656,4.1171875,0,A1,6.1,90,0,0.14914208147848354,[9800|0|0|0]
9800,1.6908128261566162,1.1677125692367554,-0.041304297745227814,-0.29578283429145813,-0.40236788988113403,171.04550170898438,4.1171875,0,A1,6.1,90,0,0.14962017732147548,[9900|0|0|0]
9900,1.690838098526001,1.1680877208709717,-0.04164930805563927,-0.28488314151763916,-0.4009445011615753,171.0449676513672,4.11328125,0,A1,6.1,90,0,0.1501304807171135,[10000|0|0|0]
10000,1.6907294988632202,1.1680076122283936,-0.04121706262230873,-0.2923301160335541,-0.4013330042362213,171.03433227539062,4.11328125,0,A1,6.1,90,0,0.15058330231112918,[10100|0|0|0]
10100,1.6907322406768799,1.167962908744812,-0.041779082268476486,-0.303767591714859,-0.40099307894706726,171.03407287597656,4.1171875,0,A1,6.1,90,0,0.15114710369607337,[10200|0|0|0]
10200,1.6908057928085327,1.1678733825683594,-0.041141122579574585,-0.30596500635147095,-0.3982088565826416,171.0280303955078,4.11328125,0,A1,6.1,90,0,0.15179549973014878,[10300|0|0|0]
10300,1.6908233165740967,1.1677623987197876,-0.04138656705617905,-0.3063749074935913,-0.39447566866874695,171.0210723876953,4.1171875,0,A1,6.1,90,0,0.15206543951621038,[10400|0|0|0]
10400,1.6907200813293457,1.1681321859359741,-0.04138478264212608,-0.2934727668762207,-0.3948900103569031,171.0028533935547,4.1171875,0,A1,6.1,90,0,0.1524493708709436,[10500|0|0|0]
10500,1.6910901069641113,1.1678098440170288,-0.04148338362574577,-0.3015303313732147,-0.38844379782676697,170.9668731689453,4.11328125,0,A1,6.1,90,0,0.1529499160108299,[10600|0|0|0]
10600,1.6907739639282227,1.167659044265747,-0.04124132916331291,-0.30344507098197937,-0.39325976371765137,170.9788055419922,4.1171875,0,A1,6.1,90,0,0.1533756827860851,[10700|0|0|0]
10700,1.6909871101379395,1.1681468486785889,-0.04152075946331024,-0.29823753237724304,-0.3985813558101654,170.97528076171875,4.1171875,0,A1,6.1,90,0,0.15397690299903635,[10800|0|0|0]
10800,1.6908094882965088,1.1675686836242676,-0.041454803198575974,-0.31957462430000305,-0.4013174772262573,170.98590087890625,4.1171875,0,A1,6.1,90,0,0.15458532273692235,[10900|0|0|0]
10900,1.690821886062622,1.1675480604171753,-0.04152926802635193,-0.3127211928367615,-0.4067278504371643,170.96888732910156,4.11328125,0,A1,6.1,90,0,0.1546635789306138,[11000|0|0|0]
11000,1.6906622648239136,1.1676161289215088,-0.041220761835575104,-0.30883699655532837,-0.41121047735214233,170.98057556152344,4.11328125,0,A1,6.1,90,0,0.15501753984777367,[11100|0|0|0]
11100,1.6910698413848877,1.168066382408142,-0.04133010283112526,-0.29827767610549927,-0.39988383650779724,170.9678497314453,4.1171875,0,A1,6.1,90,0,0.15563463166313735,[11200|0|0|0]
11200,1.6910866498947144,1.167911410331726,-0.04118838906288147,-0.30449602007865906,-0.40203186869621277,170.98951721191406,4.11328125,0,A1,6.1,90,0,0.1558453012209314,[11300|0|0|0]
11300,1.6908267736434937,1.1677266359329224,-0.04161491245031357,-0.30748531222343445,-0.4052814245223999,170.9609832763672,4.1171875,0,A1,6.1,90,0,0.15637784177753564,[11400|0|0|0]
11400,1.690812587738037,1.1679253578186035,-0.04110591113567352,-0.3047136068344116,-0.41186320781707764,170.94456481933594,4.11328125,0,A1,6.1,90,0,0.1569244439784712,[11500|0|0|0]
11500,1.690861701965332,1.1676939725875854,-0.04140636324882507,-0.3086034655570984,-0.4046419858932495,170.9674530029297,4.11328125,0,A1,6.1,90,0,0.15730683488415972,[11600|0|0|0]
11600,1.6906646490097046,1.1679563522338867,-0.041504956781864166,-0.3013225495815277,-0.4092453718185425,170.97982788085938,4.11328125,0,A1,6.1,90,0,0.15764946242372976,[11700|0|0|0]
11700,1.690849781036377,1.1677906513214111,-0.04148094728589058,-0.30115488171577454,-0.4003757834434509,170.97023010253906,4.11328125,0,A1,6.1,90,0,0.15789907635681838,[11800|0|0|0]
11800,1.6908241510391235,1.1681638956069946,-0.04140758141875267,-0.29439666867256165,-0.4000270962715149,170.9924774169922,4.11328125,0,A1,6.1,90,0,0.15828032528329666,[11900|0|0|0]
11900,1.6908342838287354,1.1679943799972534,-0.04177402704954147,-0.29822561144828796,-0.39891594648361206,171.0155792236328,4.11328125,0,A1,6.1,90,0,0.15868420721616253,[12000|0|0|0]
12000,1.6910518407821655,1.1680185794830322,-0.0412125363945961,-0.2972716987133026,-0.3931525647640228,171.02926635742188,4.11328125,0,A1,6.1,90,0,0.15928685835794254,[12100|0|0|0]
12100,1.6910994052886963,1.168049931526184,-0.04162636026740074,-0.2923718988895416,-0.3951883614063263,171.03504943847656,4.11328125,0,A1,6.1,90,0,0.15970458497978313,[12200|0|0|0]
12200,1.6907963752746582,1.1678396463394165,-0.041537944227457047,-0.30094096064567566,-0.398785263299942,171.0281524658203,4.1171875,0,A1,6.1,90,0,0.16008387964795173,[12300|0|0|0]
12300,1.6911108493804932,1.1678375005722046,-0.04126694053411484,-0.30071088671684265,-0.38984110951423645,171.01087951660156,4.11328125,0,A1,6.1,90,0,0.1604990200692103,[12400|0|0|0]
12400,1.6909488439559937,1.1678677797317505,-0.041262634098529816,-0.2950414717197418,-0.3911070227622986,171.0427703857422,4.11328125,0,A1,6.1,90,0,0.1606638870776065,[12500|0|0|0]
12500,1.6906509399414062,1.1680834293365479,-0.04154586046934128,-0.29222413897514343,-0.3939933478832245,171.0576934814453,4.11328125,0,A1,6.1,90,0,0.16112807317291697,[12600|0|0|0]
12600,1.6911728382110596,1.1680781841278076,-0.04146663099527359,-0.2916194498538971,-0.3758571743965149,171.06527709960938,4.11328125,0,A1,6.1,90,0,0.16165597716574417,[12700|0|0|0]
12700,1.690890908241272,1.1677075624465942,-0.04118269309401512,-0.2987110912799835,-0.3776014447212219,171.0847625732422,4.11328125,0,A1,6.1,90,0,0.16220138130051118,[12800|0|0|0]
12800,1.6908718347549438,1.1680598258972168,-0.041663020849227905,-0.2911623418331146,-0.3727087676525116,171.12857055664062,4.11328125,0,A1,6.1,90,0,0.16279734110532437,[12900|0|0|0]
12900,1.6910189390182495,1.1679718494415283,-0.041293948888778687,-0.2910845875740051,-0.3675135672092438,171.11119079589844,4.11328125,0,A1,6.1,90,0,0.1632042730812467,[13000|0|0|0]
13000,1.6904194355010986,1.1679866313934326,-0.04160229116678238,-0.29426079988479614,-0.3859297037124634,171.0984649658203,4.11328125,0,A1,6.1,90,0,0.1638785860157088,[13100|0|0|0]
13100,1.6910912990570068,1.1680879592895508,-0.04129352048039436,-0.28567934036254883,-0.36875370144844055,171.09739685058594,4.11328125,0,A1,6.1,90,0,0.16462491524404027,[13200|0|0|0]
13200,1.690950870513916,1.1681698560714722,-0.041288938373327255,-0.2803696393966675,-0.38084572553634644,171.0873565673828,4.11328125,0,A1,6.1,90,0,0.1647875444367114,[13300|0|0|0]
13300,1.690897822380066,1.1679348945617676,-0.04124220460653305,-0.28403234481811523,-0.379883736371994,171.1088104248047,4.11328125,0,A1,6.1,90,0,0.16503291163196457,[13400|0|0|0]
13400,1.690950632095337,1.1678234338760376,-0.04150955751538277,-0.28275540471076965,-0.3808004558086395,171.1181182861328,4.11328125,0,A1,6.1,90,0,0.16532734316621456,[13500|0|0|0]
13500,1.6908655166625977,1.1676621437072754,-0.04113272204995155,-0.2881707549095154,-0.39203864336013794,171.1489715576172,4.11328125,0,A1,6.1,90,0,0.16574598874834398,[13600|0|0|0]
13600,1.6908024549484253,1.1678985357284546,-0.04167993739247322,-0.2853373885154724,-0.3975774943828583,171.16964721679688,4.11328125,0,A1,6.1,90,0,0.16634540729874317,[13700|0|0|0]
13700,1.690918207168579,1.1681318283081055,-0.041541337966918945,-0.28492456674575806,-0.3938581347465515,171.17665100097656,4.11328125,0,A1,6.1,90,0,0.1666404222220177,[13800|0|0|0]
13800,1.6906954050064087,1.1678268909454346,-0.041277918964624405,-0.2988966703414917,-0.4012090265750885,171.1632537841797,4.11328125,0,A1,6.1,90,0,0.16710087544373553,[13900|0|0|0]
13900,1.690809965133667,1.1677968502044678,-0.04183974862098694,-0.30154383182525635,-0.4002208411693573,171.1376495361328,4.11328125,0,A1,6.1,90,0,0.1676750522733305,[14000|0|0|0]
14000,1.6911851167678833,1.1678613424301147,-0.04101832956075668,-0.29645878076553345,-0.38906359672546387,171.14590454101562,4.11328125,0,A1,6.1,90,0,0.16858038495711786,[14100|0|0|0]
14100,1.6907846927642822,1.1681221723556519,-0.041304267942905426,-0.2880724370479584,-0.40597420930862427,171.16603088378906,4.11328125,0,A1,6.1,90,0,0.16913728027142877,[14200|0|0|0]
14200,1.6905447244644165,1.1680177450180054,-0.04147466644644737,-0.29243049025535583,-0.40502259135246277,171.18112182617188,4.11328125,0,A1,6.1,90,0,0.16944957100743885,[14300|0|0|0]
14300,1.6909630298614502,1.1678787469863892,-0.04123607650399208,-0.29656505584716797,-0.3877931237220764,171.18577575683594,4.11328125,0,A1,6.1,90,0,0.1699507945290552,[14400|0|0|0]
14400,1.6910945177078247,1.1680752038955688,-0.04129372164607048,-0.2933410406112671,-0.38471168279647827,171.17819213867188,4.11328125,0,A1,6.1,90,0,0.17019412009966767,[14500|0|0|0]
14500,1.690818190574646,1.167655348777771,-0.04147705063223839,-0.3085628151893616,-0.3897278308868408,171.1766815185547,4.11328125,0,A1,6.1,90,0,0.17072913834388104,[14600|0|0|0]
14600,1.6908037662506104,1.1682119369506836,-0.0414988249540329,-0.2978670597076416,-0.3882484436035156,171.1741180419922,4.11328125,0,A1,6.1,90,0,0.17128633900472026,[14700|0|0|0]
14700,1.6909977197647095,1.1680573225021362,-0.041411399841308594,-0.3075081408023834,-0.3850308060646057,171.1671142578125,4.11328125,0,A1,6.1,90,0,0.17154933471507666,[14800|0|0|0]
14800,1.6911780834197998,1.1680355072021484,-0.04113517701625824,-0.3076304793357849,-0.38350531458854675,171.19384765625,4.11328125,0,A1,6.1,90,0,0.1718799493010675,[14900|0|0|0]
14900,1.6908187866210938,1.1675225496292114,-0.040986936539411545,-0.22088828682899475,-0.3630236089229584,171.28924560546875,4.11328125,0,A1,6.1,90,0,0.17252352905538673,[15000|0|0|0]
15000,1.6906304359436035,1.1677427291870117,-0.041393451392650604,-0.23611554503440857,-0.37399983406066895,171.30001831054688,4.11328125,0,A1,6.1,90,0,0.17302273777054317,[15100|0|0|0]
15100,1.6910781860351562,1.167364239692688,-0.04154584929347038,-0.24989937245845795,-0.36465415358543396,171.26431274414062,4.11328125,0,A1,6.1,90,0,0.1736285096434237,[15200|0|0|0]
15200,1.6908223628997803,1.167577862739563,-0.041195619851350784,-0.2501727044582367,-0.3721940517425537,171.275146484375,4.11328125,0,A1,6.1,90,0,0.17411197726889324,[15300|0|0|0]
15300,1.6907697916030884,1.1676377058029175,-0.04117506369948387,-0.2501377761363983,-0.37793219089508057,171.27198791503906,4.11328125,0,A1,6.1,90,0,0.1741942420174013,[15400|0|0|0]
15400,1.6907371282577515,1.1676206588745117,-0.0415218248963356,-0.2684208154678345,-0.37964877486228943,171.28968811035156,4.11328125,0,A1,6.1,90,0,0.1745429551079768,[15500|0|0|0]
15500,1.690669059753418,1.167807698249817,-0.041346628218889236,-0.26857784390449524,-0.3881204128265381,171.2814483642578,4.11328125,0,A1,6.1,90,0,0.17480811718102834,[15600|0|0|0]
15600,1.6910678148269653,1.1673780679702759,-0.041538480669260025,-0.28311800956726074,-0.3742002844810486,171.3133544921875,4.11328125,0,A1,6.1,90,0,0.17542487900579665,[15700|0|0|0]
15700,1.6906758546829224,1.1676080226898193,-0.041729386895895004,-0.28122177720069885,-0.3879580497741699,171.3370819091797,4.11328125,0,A1,6.1,90,0,0.17591778580725764,[15800|0|0|0]
15800,1.6909778118133545,1.1676915884017944,-0.041721049696207047,-0.2811710238456726,-0.38039451837539673,171.331787109375,4.11328125,0,A1,6.1,90,0,0.1762312038120617,[15900|0|0|0]
15900,1.6905677318572998,1.1680223941802979,-0.041364360600709915,-0.2654726207256317,-0.38822823762893677,171.305908203125,4.11328125,0,A1,6.1,90,0,0.17686746252068236,[16000|0|0|0]
16000,1.6894185543060303,1.1706587076187134,-0.03962424769997597,-0.26949846744537354,-0.3782036602497101,170.6485595703125,4.11328125,0,A1,6.1,90,0,0.180228823926008,[16100|0|0|0]
16100,1.6878209114074707,1.1710376739501953,-0.03446849435567856,-0.443123459815979,-0.3360208570957184,170.00927734375,4.1171875,0,A1,6.1,90,0,0.18563972688752456,[16200|0|0|0]
16200,1.692996621131897,1.1697086095809937,-0.038037169724702835,-0.46929821372032166,-0.18087852001190186,169.9116973876953,4.11328125,0,A1,6.1,90,0,0.19206544296734654,[16300|0|0|0]
16300,1.6917513608932495,1.1671196222305298,-0.04203721135854721,-0.45140355825424194,-0.33169835805892944,170.2613067626953,4.11328125,0,A1,6.1,90,0,0.19699026394229646,[16400|0|0|0]
16400,1.6912153959274292,1.167470932006836,-0.04202188178896904,-0.3553312122821808,-0.3831717371940613,170.68704223632812,4.11328125,0,A1,6.1,90,0,0.19763128812219805,[16500|0|0|0]
16500,1.690977931022644,1.1670972108840942,-0.04172679781913757,-0.29819628596305847,-0.4185311198234558,170.92787170410156,4.11328125,0,A1,6.1,90,0,0.1981633892477742,[16600|0|0|0]
16600,1.6907446384429932,1.1674197912216187,-0.04163447767496109,-0.23945419490337372,-0.4429844915866852,171.08560180664062,4.11328125,0,A1,6.1,90,0,0.19857205354875768,[16700|0|0|0]
16700,1.68784761428833,1.1643662452697754,-0.04546526074409485,-0.3525956869125366,-0.5359998345375061,171.14456176757812,4.11328125,0,A1,6.1,90,0,0.2042634321827515,[16800|0|0|0]
16800,1.6876493692398071,1.1644525527954102,-0.04552990198135376,-0.2784697413444519,-0.5094380378723145,171.1880340576172,4.11328125,0,A1,6.1,90,0,0.20448910579175225,[16900|0|0|0]
16900,1.6878925561904907,1.1645804643630981,-0.0456349179148674,-0.2853602170944214,-0.5085456371307373,171.2489776611328,4.11328125,0,A1,6.1,90,0,0.2047832649466717,[17000|0|0|0]
17000,1.6874938011169434,1.1647834777832031,-0.045248668640851974,-0.24335283041000366,-0.4930303394794464,171.30624389648438,4.11328125,0,A1,6.1,90,0,0.2053743728548407,[17100|0|0|0]
17100,1.687667727470398,1.1645148992538452,-0.04528060927987099,-0.27115896344184875,-0.48980507254600525,171.33335876464844,4.11328125,0,A1,6.1,90,0,0.2056959393445112,[17200|0|0|0]
17200,1.6877152919769287,1.164750099182129,-0.04549728333950043,-0.27957603335380554,-0.49856916069984436,171.32485961914062,4.11328125,0,A1,6.1,90,0,0.2060192488504996,[17300|0|0|0]
17300,1.6876928806304932,1.1643877029418945,-0.0453220009803772,-0.30121538043022156,-0.5028029084205627,171.33563232421875,4.11328125,0,A1,6.1,90,0,0.20642243269045957,[17400|0|0|0]
17400,1.6878764629364014,1.1645183563232422,-0.04520660638809204,-0.3145294487476349,-0.5009413957595825,171.31678771972656,4.11328125,0,A1,6.1,90,0,0.20667559011387196,[17500|0|0|0]
17500,1.6874268054962158,1.1647439002990723,-0.0455961674451828,-0.34299570322036743,-0.5053678154945374,171.31375122070312,4.11328125,0,A1,6.1,90,0,0.20731184455648838,[17600|0|0|0]
17600,1.687239170074463,1.165096640586853,-0.045778289437294006,-0.3544563353061676,-0.5058576464653015,171.31484985351562,4.11328125,0,A1,6.1,90,0,0.20775093587060267,[17700|0|0|0]
17701,1.6873490810394287,1.164846658706665,-0.04575950652360916,-0.38562649488449097,-0.493997186422348,171.3095703125,4.11328125,0,A1,6.1,90,0,0.2080246586473103,[17800|0|0|0]
17801,1.6873557567596436,1.164872169494629,-0.045652665197849274,-0.396213173866272,-0.4857073724269867,171.2944793701172,4.11328125,0,A1,6.1,90,0,0.2081347060663307,[17900|0|0|0]
17901,1.6875637769699097,1.1644922494888306,-0.04555770754814148,-0.41065311431884766,-0.4752490222454071,171.30096435546875,4.11328125,0,A1,6.1,90,0,0.20857813427238325,[18000|0|0|0]
18001,1.6880604028701782,1.164575219154358,-0.04593769088387489,-0.4098707437515259,-0.47821149230003357,171.41650390625,4.11328125,0,A1,6.1,90,0,0.2092089342293033,[18100|0|0|0]
18101,1.6875596046447754,1.1641929149627686,-0.045582082122564316,-0.4284861981868744,-0.49059394001960754,171.42703247070312,4.11328125,0,A1,6.1,90,0,0.20993240706818136,[18200|0|0|0]
18201,1.6875245571136475,1.164384126663208,-0.0456097386777401,-0.42797988653182983,-0.4872296452522278,171.45101928710938,4.11328125,0,A1,6.1,90,0,0.2101287616679933,[18300|0|0|0]
18301,1.6877963542938232,1.1640417575836182,-0.04584366828203201,-0.4366391599178314,-0.4803200662136078,171.45782470703125,4.11328125,0,A1,6.1,90,0,0.21062455734523836,[18400|0|0|0]
18401,1.6877676248550415,1.1644428968429565,-0.045281149446964264,-0.36686021089553833,-0.4481828510761261,171.43740844726562,4.11328125,0,A1,6.1,90,0,0.21131605248321203,[18500|0|0|0]
18501,1.6878809928894043,1.164452075958252,-0.0457022599875927,-0.3823373317718506,-0.4457770586013794,171.43922424316406,4.11328125,0,A1,6.1,90,0,0.21175225272943074,[18600|0|0|0]
18601,1.687973976135254,1.164323091506958,-0.045475397258996964,-0.393110990524292,-0.4358074367046356,171.43223571777344,4.11328125,0,A1,6.1,90,0,0.21202928985746636,[18700|0|0|0]
18702,1.6875910758972168,1.1641974449157715,-0.04561616852879524,-0.39985164999961853,-0.45660191774368286,171.41290283203125,4.11328125,0,A1,6.1,90,0,0.21245615776275592,[18800|0|0|0]
18802,1.6874650716781616,1.1645156145095825,-0.044861938804388046,-0.35008642077445984,-0.4387645423412323,171.40428161621094,4.11328125,0,A1,6.1,90,0,0.21328439168552468,[18900|0|0|0]
18902,1.687598466873169,1.1644009351730347,-0.04511842131614685,-0.372174471616745,-0.4325232207775116,171.4143524169922,4.11328125,0,A1,6.1,90,0,0.21359540439767677,[19000|0|0|0]
19002,1.6876038312911987,1.164800763130188,-0.04530654102563858,-0.3888570964336395,-0.4465879797935486,171.462646484375,4.11328125,0,A1,6.1,90,0,0.21403730958818878,[19100|0|0|0]
19102,1.6875362396240234,1.1643853187561035,-0.045948807150125504,-0.4101400673389435,-0.4671782851219177,171.638671875,4.11328125,0,A1,6.1,90,0,0.21480520830292493,[19200|0|0|0]
19202,1.6876312494277954,1.1646735668182373,-0.04550210013985634,-0.3580995202064514,-0.4381164312362671,171.67706298828125,4.11328125,0,A1,6.1,90,0,0.21534526474549393,[19300|0|0|0]
19302,1.6877979040145874,1.1648621559143066,-0.04517679661512375,-0.32318687438964844,-0.4071485996246338,171.69244384765625,4.11328125,0,A1,6.1,90,0,0.21575655780604625,[19400|0|0|0]
19402,1.6876120567321777,1.1644796133041382,-0.045651715248823166,-0.4407850503921509,-0.4829722046852112,171.81593322753906,4.11328125,0,A1,6.1,90,0,0.21639407311535927,[19500|0|0|0]
19502,1.6876977682113647,1.1646149158477783,-0.045413073152303696,-0.383618026971817,-0.4489445686340332,171.82308959960938,4.11328125,0,A1,6.1,90,0,0.21668148098966183,[19600|0|0|0]
19602,1.6877080202102661,1.1643880605697632,-0.044948454946279526,-0.3520403206348419,-0.42271798849105835,171.86109924316406,4.11328125,0,A1,6.1,90,0,0.21719862555166933,[19700|0|0|0]
19702,1.687661051750183,1.164495587348938,-0.04509744048118591,-0.3883644938468933,-0.439910888671875,171.81307983398438,4.11328125,0,A1,6.1,90,0,0.21738826925468532,[19800|0|0|0]
19800,1.6878771781921387,1.164505124092102,-0.04590557515621185,-0.4198993742465973,-0.465728759765625,171.89756774902344,4.11328125,0,A1,6.1,90,0,0.21822485950167714,[19900|0|0|0]
19900,1.687786340713501,1.1645493507385254,-0.04579073190689087,-0.4392179846763611,-0.4839874505996704,171.8061981201172,4.11328125,0,A1,6.1,90,0,0.21837781837096465,[20000|0|0|0]
20000,1.6874887943267822,1.1644272804260254,-0.045635927468538284,-0.4508379101753235,-0.49921855330467224,171.7353515625,4.11328125,0,A1,6.1,90,0,0.21873474893504805,[20100|0|0|0]
20100,1.6877139806747437,1.164038062095642,-0.04547535255551338,-0.4603271782398224,-0.4964078366756439,171.67393493652344,4.11328125,0,A1,6.1,90,0,0.2192122257436027,[20200|0|0|0]
20200,1.6878567934036255,1.1643503904342651,-0.04577457532286644,-0.4479652941226959,-0.4940777122974396,171.5861358642578,4.11328125,0,A1,6.1,90,0,0.219667724076355,[20300|0|0|0]
20300,1.6879273653030396,1.164225459098816,-0.045594699680805206,-0.44894933700561523,-0.49193304777145386,171.48773193359375,4.11328125,0,A1,6.1,90,0,0.21989781857470506,[20400|0|0|0]
20400,1.687865972518921,1.164169430732727,-0.045608412474393845,-0.44871342182159424,-0.4930744171142578,171.40097045898438,4.11328125,0,A1,6.1,90,0,0.21998205806934049,[20500|0|0|0]
20500,1.6874792575836182,1.1641608476638794,-0.045942436903715134,-0.44644269347190857,-0.4991389513015747,171.31912231445312,4.11328125,0,A1,6.1,90,0,0.22049312991325332,[20600|0|0|0]
20600,1.6877046823501587,1.164278507232666,-0.045603279024362564,-0.43472447991371155,-0.48381635546684265,171.2459259033203,4.11328125,0,A1,6.1,90,0,0.2209170263235045,[20700|0|0|0]
20700,1.6877050399780273,1.164118766784668,-0.045827705413103104,-0.4302123486995697,-0.4690839648246765,171.17550659179688,4.11328125,0,A1,6.1,90,0,0.2211924974519144,[20800|0|0|0]
20800,1.6872797012329102,1.1643823385238647,-0.04575357213616371,-0.41462722420692444,-0.47849446535110474,171.15199279785156,4.11328125,0,A1,6.1,90,0,0.22169834214403922,[20900|0|0|0]
20900,1.687554121017456,1.1641277074813843,-0.04560840129852295,-0.41393497586250305,-0.4608567953109741,171.1315155029297,4.11328125,0,A1,6.1,90,0,0.22209986145621016,[21000|0|0|0]
21000,1.6877228021621704,1.1641960144042969,-0.04595770314335823,-0.4064270853996277,-0.4562389552593231,171.12619018554688,4.11328125,0,A1,6.1,90,0,0.22249372811271367,[21100|0|0|0]
21100,1.687710165977478,1.1644209623336792,-0.04590865597128868,-0.39932781457901,-0.46592384576797485,171.12258911132812,4.11328125,0,A1,6.1,90,0,0.22272430753327196,[21200|0|0|0]
21200,1.6876695156097412,1.1639671325683594,-0.04582240432500839,-0.40605679154396057,-0.46440383791923523,171.08935546875,4.11328125,0,A1,6.1,90,0,0.22318804588059019,[21300|0|0|0]
21300,1.6905521154403687,1.170326590538025,-0.03948146104812622,-0.250755250453949,-0.3641224205493927,170.81455993652344,4.11328125,0,A1,6.1,90,0,0.23261988817635154,[21400|0|0|0]
21400,1.6894268989562988,1.1718626022338867,-0.034516457468271255,-0.33851534128189087,-0.3371274471282959,170.1891326904297,4.11328125,0,A1,6.1,90,0,0.23793747264806606,[21500|0|0|0]
21500,1.6864312887191772,1.172099232673645,-0.03326015546917915,-0.4336058795452118,-0.38587620854377747,169.7101593017578,4.11328125,0,A1,6.1,90,0,0.24119446042370948,[21600|0|0|0]
21600,1.6833572387695312,1.1725717782974243,-0.031829170882701874,-0.49623382091522217,-0.4027969241142273,169.49749755859375,4.11328125,0,A1,6.1,90,0,0.24461802572120375,[21700|0|0|0]
21700,1.6877039670944214,1.1630516052246094,-0.04612159729003906,-0.7090827226638794,-0.38908782601356506,170.0849151611328,4.11328125,0,A1,6.1,90,0,0.2623324603742177,[21800|0|0|0]
21800,1.6880661249160767,1.16327965259552,-0.04596616327762604,-0.6077432632446289,-0.46317675709724426,170.423583984375,4.11328125,0,A1,6.1,90,0,0.2627877884135258,[21900|0|0|0]
21900,1.687750220298767,1.164054036140442,-0.045994412153959274,-0.5053837299346924,-0.5165694952011108,170.65328979492188,4.11328125,0,A1,6.1,90,0,0.2636246059568991,[22000|0|0|0]
22000,1.6875956058502197,1.163425326347351,-0.04584958031773567,-0.44381237030029297,-0.5387294888496399,170.76881408691406,4.11328125,0,A1,6.1,90,0,0.26428804992017846,[22100|0|0|0]
22100,1.6876654624938965,1.1638294458389282,-0.04585409536957741,-0.3771737217903137,-0.5527845025062561,170.84173583984375,4.11328125,0,A1,6.1,90,0,0.2646981875797898,[22200|0|0|0]
22200,1.6877174377441406,1.1641614437103271,-0.04605904221534729,-0.3352195918560028,-0.5537776350975037,170.8958282470703,4.11328125,0,A1,6.1,90,0,0.2650917955355559,[22300|0|0|0]
22300,1.687821626663208,1.1643164157867432,-0.04542882740497589,-0.3123825788497925,-0.5496934652328491,170.9038848876953,4.11328125,0,A1,6.1,90,0,0.2657490948452593,[22400|0|0|0]
22400,1.6877951622009277,1.1641839742660522,-0.0457376204431057,-0.30118802189826965,-0.5457799434661865,170.94216918945312,4.11328125,0,A1,6.1,90,0,0.2660861323276914,[22500|0|0|0]
22500,1.6876718997955322,1.164398193359375,-0.04565780982375145,-0.2894846796989441,-0.5294889211654663,170.96478271484375,4.11328125,0,A1,6.1,90,0,0.26634584981938114,[22600|0|0|0]
22600,1.6878561973571777,1.1642632484436035,-0.04595528915524483,-0.2965642213821411,-0.513071596622467,170.95095825195312,4.11328125,0,A1,6.1,90,0,0.2667209093802336,[22700|0|0|0]
22700,1.6876834630966187,1.1644210815429688,-0.04584982618689537,-0.29525622725486755,-0.5144656300544739,170.95672607421875,4.11328125,0,A1,6.1,90,0,0.2669775625503274,[22800|0|0|0]
22800,1.6880526542663574,1.1646242141723633,-0.04579753801226616,-0.29510611295700073,-0.5044873952865601,170.9566192626953,4.11328125,0,A1,6.1,90,0,0.26740217889262224,[22900|0|0|0]
22900,1.6877456903457642,1.1643651723861694,-0.04588412493467331,-0.3135417103767395,-0.506148099899292,170.94326782226562,4.11328125,0,A1,6.1,90,0,0.2678130642667504,[23000|0|0|0]
23000,1.687817931175232,1.1648675203323364,-0.04597928747534752,-0.3121720254421234,-0.493988960981369,170.97225952148438,4.11328125,0,A1,6.1,90,0,0.26832942470831034,[23100|0|0|0]
23100,1.687620997428894,1.1644196510314941,-0.04606103524565697,-0.33364295959472656,-0.48293718695640564,170.98861694335938,4.11328125,0,A1,6.1,90,0,0.2688254615104069,[23200|0|0|0]
23200,1.687587022781372,1.1645152568817139,-0.0460149347782135,-0.34369394183158875,-0.4757060408592224,171.0116424560547,4.11328125,0,A1,6.1,90,0,0.26893690660168057,[23300|0|0|0]
23300,1.6879560947418213,1.1646839380264282,-0.04563140124082565,-0.35005930066108704,-0.459450364112854,171.00181579589844,4.11328125,0,A1,6.1,90,0,0.26949526617657227,[23400|0|0|0]
23400,1.6875720024108887,1.1644779443740845,-0.045954637229442596,-0.37544116377830505,-0.47315385937690735,170.98919677734375,4.11328125,0,A1,6.1,90,0,0.2700378911002759,[23500|0|0|0]
23500,1.6876929998397827,1.1646250486373901,-0.04571886360645294,-0.37388288974761963,-0.4699251055717468,170.97848510742188,4.11328125,0,A1,6.1,90,0,0.27034099049549026,[23600|0|0|0]
23600,1.6877427101135254,1.1642521619796753,-0.045621082186698914,-0.3801504671573639,-0.4578428566455841,170.98077392578125,4.11328125,0,A1,6.1,90,0,0.2707296764572466,[23700|0|0|0]
23700,1.6877673864364624,1.1643668413162231,-0.04597974941134453,-0.37590429186820984,-0.45732009410858154,170.99046325683594,4.11328125,0,A1,6.1,90,0,0.2711070389476716,[23800|0|0|0]
23800,1.687715768814087,1.164538860321045,-0.04568002000451088,-0.37547245621681213,-0.46336689591407776,171.0071563720703,4.11328125,0,A1,6.1,90,0,0.2714564565120275,[23900|0|0|0]
23900,1.6879322528839111,1.1641191244125366,-0.04572972282767296,-0.3909582495689392,-0.46184664964675903,171.0313720703125,4.11328125,0,A1,6.1,90,0,0.2719313396092306,[24000|0|0|0]
24000,1.6879031658172607,1.1644749641418457,-0.045854292809963226,-0.37815168499946594,-0.46282580494880676,171.0493927001953,4.11328125,0,A1,6.1,90,0,0.27230947404417255,[24100|0|0|0]
24100,1.6875931024551392,1.1642712354660034,-0.0458916611969471,-0.39001360535621643,-0.46921688318252563,171.0543670654297,4.11328125,0,A1,6.1,90,0,0.2726823561411367,[24200|0|0|0]
24200,1.6875962018966675,1.1648205518722534,-0.04582330957055092,-0.3819653391838074,-0.46765652298927307,171.05416870117188,4.11328125,0,A1,6.1,90,0,0.27323591739840114,[24300|0|0|0]
24300,1.6876007318496704,1.1644338369369507,-0.04600052535533905,-0.3905060291290283,-0.4603100121021271,171.06820678710938,4.11328125,0,A1,6.1,90,0,0.2736613282539731,[24400|0|0|0]
24400,1.6878082752227783,1.1642545461654663,-0.04578053578734398,-0.40267515182495117,-0.4572341740131378,171.04281616210938,4.11328125,0,A1,6.1,90,0,0.27401291727895416,[24500|0|0|0]
24500,1.6875345706939697,1.1642425060272217,-0.04565780237317085,-0.4007006287574768,-0.46541374921798706,171.02880859375,4.11328125,0,A1,6.1,90,0,0.2743131215843428,[24600|0|0|0]
24600,1.6876904964447021,1.1641799211502075,-0.04561040177941322,-0.4050561785697937,-0.4671822488307953,171.00804138183594,4.11328125,0,A1,6.1,90,0,0.2744876968485154,[24700|0|0|0]
24700,1.6876496076583862,1.164106011390686,-0.04580393806099892,-0.40466126799583435,-0.46807774901390076,171.01914978027344,4.11328125,0,A1,6.1,90,0,0.2746988622758204,[24800|0|0|0]
24800,1.6878764629364014,1.1644604206085205,-0.045929424464702606,-0.39505741000175476,-0.46314436197280884,171.02525329589844,4.11328125,0,A1,6.1,90,0,0.2751379705180157,[24900|0|0|0]
24900,1.6877024173736572,1.164272665977478,-0.04610089212656021,-0.4024779498577118,-0.4699777662754059,171.02554321289062,4.11328125,0,A1,6.1,90,0,0.2754461016888695,[25000|0|0|0]
25000,1.687780737876892,1.164125680923462,-0.04565596580505371,-0.4049597978591919,-0.468320369720459,171.0226593017578,4.11328125,0,A1,6.1,90,0,0.27592117867094756,[25100|0|0|0]
25100,1.6877648830413818,1.1647756099700928,-0.04572879895567894,-0.3904256820678711,-0.47559598088264465,171.02110290527344,4.11328125,0,A1,6.1,90,0,0.2765753681001602,[25200|0|0|0]
25200,1.6877083778381348,1.1642688512802124,-0.04552821069955826,-0.40474286675453186,-0.4753240942955017,171.00897216796875,4.11328125,0,A1,6.1,90,0,0.2771233031841408,[25300|0|0|0]
25300,1.6876146793365479,1.1641751527786255,-0.04566461592912674,-0.4082210659980774,-0.47900936007499695,170.9985809326172,4.11328125,0,F2,6.1,90,0,0.2773134746989712,[25300|0|0|0]
25400,1.6876862049102783,1.1641769409179688,-0.04559796676039696,-0.40459370613098145,-0.46534523367881775,171.72471618652344,3.220703125,0,F2,6.1,90,0,0.27741125617386375,[25300|0|0|0]
25500,1.6873104572296143,1.164126992225647,-0.04543459415435791,-0.42229175567626953,-0.4258609712123871,169.28038024902344,3.55859375,0,F2,6.1,90,0,0.27782401736364915,[25300|0|0|0]
25600,1.6852422952651978,1.1634407043457031,-0.04225241020321846,0.8950703740119934,-1.6110138893127441,155.83441162109375,3.65234375,0,F2,6.1,90,0,0.2816807750257413,[25300|0|0|0]
25700,1.6815322637557983,1.164947509765625,-0.030338967218995094,1.6945918798446655,-3.880082130432129,128.9530792236328,3.615234375,0,F2,6.1,90,0,0.2942491846352577,[25300|0|0|0]
25800,1.6750811338424683,1.1729674339294434,-0.01046009361743927,-3.8282363414764404,-0.571659505367279,94.0947265625,3.630859375,0,F2,6.1,90,0,0.31663457890068647,[25300|0|0|0]
25900,1.6602004766464233,1.179419994354248,0.017681635916233063,-2.8026609420776367,9.68922233581543,55.652488708496094,3.541015625,0,F2,6.1,90,0,0.34911574938095585,[25300|0|0|0]
26000,1.6338779926300049,1.1763445138931274,0.05515675246715546,7.1261115074157715,1.4180431365966797,21.762237548828125,3.53125,0,F2,6.1,90,0,0.3950147265522018,[25300|0|0|0]
26100,1.6103864908218384,1.160746693611145,0.10640579462051392,-1.205973505973816,-12.115126609802246,-3.8069193363189697,3.611328125,0,F2,6.1,90,0,0.45350923036571256,[25300|0|0|0]
26200,1.6096431016921997,1.15203857421875,0.16416598856449127,-22.16962432861328,-15.804183006286621,-22.124723434448242,3.6640625,0,F2,6.1,90,0,0.5119268987135348,[25300|0|0|0]
26300,1.6447793245315552,1.1698834896087646,0.21625740826129913,-31.500659942626953,-6.0423197746276855,-32.58592224121094,3.58984375,0,F2,6.1,90,0,0.5772454348784138,[25300|0|0|0]
26400,1.7155628204345703,1.2242037057876587,0.2589762508869171,-17.804950714111328,0.09358883649110794,-35.11783981323242,3.55859375,0,F2,6.1,90,0,0.6761690857069506,[25300|0|0|0]
26500,1.7974203824996948,1.3273894786834717,0.28876808285713196,12.896984100341797,12.897101402282715,-35.008270263671875,3.583984375,0,F2,6.1,90,0,0.8112080335978962,[25300|0|0|0]
26600,1.8468365669250488,1.404736042022705,0.33249369263648987,30.501300811767578,24.40541648864746,-38.000492095947266,3.599609375,0,F2,6.1,90,0,0.9128760182052804,[25300|0|0|0]
26700,1.8425185680389404,1.455302357673645,0.36546590924263,29.709409713745117,13.007580757141113,-26.959068298339844,3.48828125,0,F2,6.1,90,0,0.9733967953054892,[25300|0|0|0]
26800,1.8009268045425415,1.4607893228530884,0.40009021759033203,23.00311851501465,-2.761906862258911,-16.2529354095459,3.478515625,0,F2,6.1,90,0,1.0277918714261967,[25300|0|0|0]
26900,1.7516669034957886,1.419281005859375,0.44861122965812683,15.750515937805176,-6.68980598449707,-13.621891021728516,3.515625,0,F2,6.1,90,0,1.1084378064934373,[25300|0|0|0]
27000,1.7113920450210571,1.3488181829452515,0.5168880820274353,4.758718967437744,-8.445440292358398,-12.63619613647461,3.62109375,0,F2,6.1,90,0,1.2144981770738152,[25300|0|0|0]
27100,1.686750054359436,1.2715976238250732,0.5946035981178284,-4.027095317840576,-7.109336853027344,-12.319900512695312,3.6953125,0,F2,6.1,90,0,1.3267921835737015,[25300|0|0|0]
27200,1.6759462356567383,1.2120959758758545,0.6593973636627197,-9.541775703430176,-4.719073295593262,-14.698127746582031,3.7265625,0,F2,6.1,90,0,1.415422881758472,[25300|0|0|0]
27300,1.6743388175964355,1.1583925485610962,0.7173566818237305,-11.346623420715332,-2.5269460678100586,-12.744904518127441,3.701171875,0,F2,6.1,90,0,1.4944540430802025,[25300|0|0|0]
27400,1.678757667541504,1.1207133531570435,0.7561996579170227,-11.316194534301758,-0.27348414063453674,-9.099770545959473,3.6796875,0,F2,6.1,90,0,1.5487497592364323,[25300|0|0|0]
27500,1.6853744983673096,1.1005780696868896,0.7803463935852051,-9.319548606872559,1.4871848821640015,-9.343759536743164,3.6640625,0,F2,6.1,90,0,1.5808788260456295,[25300|0|0|0]
27600,1.691185712814331,1.0931669473648071,0.7920623421669006,-6.371549606323242,2.458810567855835,-9.423717498779297,3.630859375,0,F2,6.1,90,0,1.5959107387180433,[25300|0|0|0]
27700,1.694021463394165,1.0934791564941406,0.7974902987480164,-3.5546507835388184,2.3991448879241943,-9.553572654724121,3.62109375,0,F2,6.1,90,0,1.6020427586575041,[25300|0|0|0]
27800,1.6928101778030396,1.0990161895751953,0.7991003394126892,-1.3908323049545288,1.654703140258789,-10.075957298278809,3.62109375,0,F2,6.1,90,0,1.6079349720842109,[25300|0|0|0]
27900,1.6883351802825928,1.1049379110336304,0.7987098693847656,0.008068923838436604,0.9880772829055786,-10.412492752075195,3.62109375,0,F2,6.1,90,0,1.6153676603382683,[25300|0|0|0]
28000,1.681882619857788,1.109184980392456,0.7965039014816284,0.44045570492744446,0.07285810261964798,-10.492152214050293,3.630859375,0,F2,6.1,90,0,1.6234013038805288,[25300|0|0|0]
28100,1.6750627756118774,1.1103545427322388,0.7921611666679382,0.6725738644599915,-0.8795579075813293,-10.649022102355957,3.62109375,0,F2,6.1,90,0,1.6315706060090558,[25300|0|0|0]
28200,1.6683931350708008,1.1088855266571045,0.7867778539657593,-0.2519203722476959,-1.1882221698760986,-10.731684684753418,3.611328125,0,F2,6.1,90,0,1.6402667067919134,[25300|0|0|0]
28300,1.6631883382797241,1.108668327331543,0.7791167497634888,-0.9843713045120239,-1.0970772504806519,-10.614667892456055,3.60546875,0,F2,6.1,90,0,1.6495311335297895,[25300|0|0|0]
28400,1.6590752601623535,1.1075639724731445,0.771844744682312,-0.3193591237068176,0.025102555751800537,-11.240074157714844,3.435546875,0,F2,6.1,90,245.14841414028783,1.6579584147730804,[25300|0|0|0]
28500,1.6499003171920776,1.1036677360534668,0.7738659977912903,13.633858680725098,12.123839378356934,-14.636749267578125,3.435546875,0,F2,6.1,90,245.14841414028783,1.6681292407413286,[25300|0|0|0]
28600,1.6128880977630615,1.0801366567611694,0.7927291393280029,23.197797775268555,20.849742889404297,-19.52066421508789,3.46875,0,F2,6.1,90,245.14841414028783,1.7158726611084962,[25300|0|0|0]
28700,1.529668927192688,1.0252412557601929,0.8229677677154541,18.993255615234375,17.094982147216797,-18.611162185668945,3.42578125,0,F2,6.1,90,245.14841414028783,1.8200518819168383,[25300|0|0|0]
28800,1.406835913658142,0.9476637244224548,0.870993435382843,2.156869888305664,4.231879234313965,-16.724607467651367,3.5,0,F2,6.1,90,245.14841414028783,1.9730639315643552,[25300|0|0|0]
28900,1.2777798175811768,0.8698862195014954,0.9408864378929138,-13.202482223510742,-8.433086395263672,-19.576290130615234,3.55859375,0,F2,6.1,90,245.14841414028783,2.1391658521018058,[25300|0|0|0]
29000,1.1717720031738281,0.8105083107948303,1.0231592655181885,-15.651823043823242,-8.06387710571289,-15.168039321899414,3.509765625,0,F2,6.1,90,245.14841414028783,2.2859044323159337,[25300|0|0|0]
29100,1.0884711742401123,0.780669629573822,1.1108654737472534,-8.977621078491211,-0.6132001280784607,-12.584506034851074,3.568359375,0,F2,6.1,90,245.14841414028783,2.4104907636688284,[25300|0|0|0]
29200,1.0128593444824219,0.76841139793396,1.205353021621704,-3.4141950607299805,1.466918706893921,-10.876879692077637,3.642578125,0,F2,6.1,90,245.14841414028783,2.5321267359203343,[25300|0|0|0]
29300,0.9382988214492798,0.7622855305671692,1.297194480895996,-2.8591673374176025,0.5049537420272827,-10.514566421508789,3.6953125,0,F2,6.1,90,245.14841414028783,2.650582008017454,[25300|0|0|0]
29400,0.8633485436439514,0.7607578635215759,1.3771822452545166,0.17864571511745453,-2.6769871711730957,-10.485915184020996,3.701171875,0,F2,6.1,90,245.14841414028783,2.7602082838675996,[25300|0|0|0]
29500,0.7915716171264648,0.7596706748008728,1.440808653831482,0.532568097114563,-6.492098331451416,-10.260723114013672,3.689453125,0,F2,6.1,90,245.14841414028783,2.8561323633680775,[25300|0|0|0]
29600,0.7272436022758484,0.7574034929275513,1.4852808713912964,0.610960841178894,-8.827498435974121,-10.367301940917969,3.6640625,0,F2,6.1,90,245.14841414028783,2.934369258391815,[25300|0|0|0]
29700,0.6722411513328552,0.7526282072067261,1.5141628980636597,-0.06412877142429352,-10.427038192749023,-9.240925788879395,3.642578125,0,F2,6.1,90,245.14841414028783,2.9966769178580073,[25300|0|0|0]
29800,0.6306719183921814,0.7462199926376343,1.5293262004852295,-0.7433769702911377,-10.76162052154541,-6.434991359710693,3.626953125,0,F2,6.1,90,245.14841414028783,3.0413870071172284,[25300|0|0|0]
29900,0.6029192805290222,0.7413015365600586,1.5354093313217163,-2.379089832305908,-9.325204849243164,-11.299176216125488,3.615234375,0,F2,6.1,90,245.14841414028783,3.070221094571568,[25300|0|0|0]
30000,0.5874404907226562,0.7364763617515564,1.5342942476272583,-2.6476526260375977,-7.111245632171631,-12.018701553344727,3.60546875,0,F2,6.1,90,245.14841414028783,3.0864728224011837,[25300|0|0|0]
30100,0.5813817381858826,0.7341781854629517,1.531470775604248,-2.643664598464966,-5.589783191680908,-12.281396865844727,3.615234375,0,F2,6.1,90,245.14841414028783,3.093541209120944,[25300|0|0|0]
30200,0.5817723274230957,0.7343699932098389,1.5260727405548096,-1.757028579711914,-3.5288734436035156,-12.153423309326172,3.615234375,0,F2,6.1,90,245.14841414028783,3.098956754574447,[25300|0|0|0]
30300,0.5859007835388184,0.7368606925010681,1.5182963609695435,-1.325683355331421,-2.2716598510742188,-11.564447402954102,3.615234375,0,F2,6.1,90,245.14841414028783,3.108106607705122,[25300|0|0|0]
30400,0.5914992094039917,0.7400088906288147,1.5092198848724365,-0.3950357139110565,-1.551507830619812,-10.652466773986816,3.599609375,0,F2,6.1,90,245.14841414028783,3.1192257777263395,[25300|0|0|0]
30500,0.5980713963508606,0.7420433759689331,1.49947988986969,0.036090537905693054,-0.9422608017921448,-9.988823890686035,3.60546875,0,F2,6.1,90,245.14841414028783,3.131150553385331,[25300|0|0|0]
30600,0.6036444902420044,0.7432976365089417,1.488760232925415,0.3467594087123871,-0.47113505005836487,-10.26540470123291,3.60546875,0,F2,6.1,90,245.14841414028783,3.143297305627172,[25300|0|0|0]
30700,0.6088735461235046,0.74360191822052,1.4761710166931152,-0.12000321596860886,-0.6844189167022705,-10.705293655395508,3.599609375,0,F2,6.1,90,245.14841414028783,3.1569326999418026,[25300|0|0|0]
30800,0.6135929226875305,0.7430031299591064,1.4631373882293701,0.13136440515518188,-0.8993473649024963,-11.66898250579834,3.58984375,0,F2,6.1,90,245.14841414028783,3.170807372315089,[25300|0|0|0]
30900,0.6188363432884216,0.7416530251502991,1.4496164321899414,-0.7800517678260803,-1.2138880491256714,-12.547876358032227,3.58984375,0,F2,6.1,90,245.14841414028783,3.1853721412735303,[25300|0|0|0]
31000,0.6243612170219421,0.741055428981781,1.4370521306991577,-1.0635159015655518,-0.7070187926292419,-13.488005638122559,3.59375,0,F2,6.1,90,245.14841414028783,3.19911051901267,[25300|0|0|0]
31100,0.6318875551223755,0.741502583026886,1.4265506267547607,-1.8770095109939575,-1.280745267868042,-14.330108642578125,3.59375,0,F2,6.1,90,245.14841414028783,3.2120382913279713,[25300|0|0|0]
31200,0.6414763331413269,0.7446483373641968,1.4190655946731567,-1.705915093421936,-1.0319749116897583,-14.85219955444336,3.60546875,0,F2,6.1,90,245.14841414028783,3.224602770605286,[25300|0|0|0]
31300,0.6529923677444458,0.750116229057312,1.4125900268554688,0.2632712423801422,-0.23034806549549103,-15.26545524597168,3.60546875,0,F2,6.1,90,245.14841414028783,3.2389013674283786,[25300|0|0|0]
31400,0.6649942398071289,0.754539430141449,1.4051321744918823,1.2230786085128784,-0.28989800810813904,-15.512345314025879,3.875,0,F2,6.1,90,0,3.2537077580323297,[25300|0|0|0]
31500,0.6756047606468201,0.7585695385932922,1.3802990913391113,0.8821651339530945,0.13878503441810608,-15.381525039672852,3.822265625,0,F2,6.1,90,0,3.2810117311039466,[25300|0|0|0]
31600,0.6845452189445496,0.7621687054634094,1.3189061880111694,0.283364474773407,1.3205291032791138,-13.643662452697754,3.732421875,0,F2,6.1,90,0,3.3431565166918493,[25300|0|0|0]
31700,0.6909281611442566,0.7659475803375244,1.224026083946228,0.37549763917922974,1.2914959192276,-11.197427749633789,3.626953125,0,F2,6.1,90,0,3.43832613365973,[25300|0|0|0]
31800,0.6944824457168579,0.7697153091430664,1.1088483333587646,-0.42590683698654175,-0.027460843324661255,-8.784258842468262,3.58984375,0,F2,6.1,90,0,3.5536202920094184,[25300|0|0|0]
31900,0.6974529027938843,0.7729767560958862,0.9875131249427795,-0.7937830090522766,0.5577942132949829,-7.52685022354126,3.578125,0,F2,6.1,90,0,3.675035667694803,[25300|0|0|0]
32000,0.7016802430152893,0.7786641120910645,0.8668407797813416,0.3864712715148926,-0.3077963888645172,-7.938982009887695,3.58984375,0,F2,6.1,90,0,3.795915903094659,[25300|0|0|0]
32100,0.7078231573104858,0.7848256826400757,0.747620701789856,-0.3157654106616974,-1.619451880455017,-8.07635498046875,3.599609375,0,F2,6.1,90,0,3.9154530410224364,[25300|0|0|0]
32200,0.7168892621994019,0.7896842956542969,0.6281834244728088,1.9079827070236206,0.21852664649486542,-6.029886722564697,3.599609375,0,F2,6.1,90,0,4.035332412021737,[25300|0|0|0]
32300,0.727028489112854,0.7894236445426941,0.5098126530647278,2.543084144592285,1.4602015018463135,-2.413850784301758,3.58984375,0,F2,6.1,90,0,4.154136921132918,[25300|0|0|0]
32400,0.7359984517097473,0.7856127023696899,0.3918415904045105,0.1337433159351349,2.3052737712860107,-0.1318652331829071,3.53125,0,F2,6.1,90,0,4.272509870468552,[25300|0|0|0]
32500,0.742525577545166,0.7807360887527466,0.27946388721466064,0.3333958685398102,1.3611687421798706,0.3953157961368561,3.484375,0,F2,6.1,90,0,4.3851825508585485,[25300|0|0|0]
32600,0.7463404536247253,0.7759181261062622,0.18217216432094574,-0.08284259587526321,2.7020206451416016,-0.20912674069404602,3.453125,0,F2,6.1,90,0,4.48266816716779,[25300|0|0|0]
32700,0.7460473775863647,0.7687522768974304,0.10220701992511749,0.49474868178367615,2.970773696899414,-0.7587927579879761,3.484375,0,F2,6.1,90,0,4.562954278088009,[25300|0|0|0]
32800,0.7411165833473206,0.7654340267181396,0.05444019287824631,0.28803539276123047,2.497575521469116,-1.2395535707473755,3.494140625,0,F2,6.1,90,0,4.611089434493757,[25300|0|0|0]
32900,0.7322815656661987,0.7610878944396973,0.018105003982782364,-0.8103362917900085,0.7991140484809875,-0.31729376316070557,3.525390625,0,F2,6.1,90,0,4.648735049846365,[25300|0|0|0]
33000,0.7224071621894836,0.756847083568573,0.00030974039691500366,-0.20321567356586456,0.5024292469024658,0.8624538779258728,3.5625,0,F2,6.1,90,0,4.669523501615463,[25300|0|0|0]
33100,0.7138363718986511,0.7527002096176147,-0.0022403730545192957,0.7045605778694153,-2.102125406265259,1.8326560258865356,3.599609375,0,F2,6.1,90,0,4.6793803818719,[25300|0|0|0]
33200,0.7075768113136292,0.7460206151008606,0.0034295369405299425,0.6048245429992676,-2.381354331970215,2.329982280731201,3.62109375,0,F2,6.1,90,0,4.690148248929854,[25300|0|0|0]
33300,0.7056722044944763,0.7383604645729065,0.007410403341054916,-0.15739433467388153,-1.065674066543579,2.6817526817321777,3.615234375,0,F2,6.1,90,0,4.698988652232041,[25300|0|0|0]
33400,0.7052069306373596,0.729181706905365,0.008658272214233875,-0.5128896832466125,-1.53915536403656,2.5472323894500732,3.611328125,0,F2,6.1,90,0,4.708263524134456,[25300|0|0|0]
33500,0.7057666778564453,0.7209033966064453,0.006981018465012312,-1.2964849472045898,-0.6120232343673706,2.3510208129882812,3.59375,0,F2,6.1,90,0,4.716728565096776,[25300|0|0|0]
33600,0.7063847780227661,0.7137591242790222,0.004615393932908773,-2.037630081176758,0.15968218445777893,2.414196729660034,3.59375,0,F2,6.1,90,0,4.724279648087373,[25300|0|0|0]
33700,0.7068061828613281,0.7089935541152954,0.002786128083243966,-1.5073479413986206,-0.3618870973587036,2.741345167160034,3.599609375,0,F2,6.1,90,0,4.72940160616726,[25300|0|0|0]
33800,0.7060770988464355,0.7056780457496643,0.0019301855936646461,-1.781530737876892,0.5477500557899475,3.2257227897644043,3.58984375,0,F2,6.1,90,0,4.732902576999587,[25300|0|0|0]
33900,0.7048231959342957,0.7035975456237793,0.001255746348761022,-1.67012619972229,-0.1806006282567978,3.673091173171997,3.599609375,0,F2,6.1,90,0,4.735423612814872,[25300|0|0|0]
34000,0.7031746506690979,0.7035524249076843,0.0011650720844045281,-1.5313823223114014,-0.40081703662872314,3.857144594192505,3.599609375,0,F2,6.1,90,0,4.737075266287197,[25300|0|0|0]
34100,0.7006648778915405,0.7052510380744934,0.0016379919834434986,-1.2735341787338257,-0.17315155267715454,3.531743049621582,3.58984375,0,F2,6.1,90,0,4.740142496196468,[25300|0|0|0]
34200,0.7012680172920227,0.7119783759117126,0.0028879293240606785,-1.1200016736984253,-0.7501456141471863,3.0940182209014893,3.59375,0,F2,6.1,90,0,4.747011498661744,[25300|0|0|0]
34300,0.6992350220680237,0.7175015211105347,0.0010899235494434834,-0.15495535731315613,-0.7200974225997925,2.3850150108337402,3.58984375,0,F2,6.1,90,0,4.753165442700621,[25300|0|0|0]
34400,0.6976990103721619,0.7242356538772583,-0.0017127259634435177,-0.506528377532959,-0.9645758867263794,1.5669472217559814,3.578125,0,F1,6.1,90,0,4.760619483238596,[25300|0|100|0]
34500,0.6976004838943481,0.7303801774978638,-0.0007931562140583992,-0.5300293564796448,-0.14781837165355682,1.0318479537963867,3.599609375,0,F1,6.1,90,0,4.766833216940244,[25300|0|200|0]
34600,0.6968523263931274,0.7377093434333801,0.0023482211399823427,0.5947152972221375,-1.0352740287780762,1.0889556407928467,3.599609375,0,F1,6.1,90,0,4.7748422533765105,[25300|0|300|0]
34700,0.6971117854118347,0.7449920177459717,0.004899719264358282,0.7217467427253723,-0.07414951920509338,1.6806602478027344,3.59375,0,F1,6.1,90,0,4.782563315920251,[25300|0|400|0]
34800,0.697446882724762,0.7517743706703186,0.006367777939885855,1.0143791437149048,0.22883853316307068,2.155510187149048,3.599609375,0,F1,6.1,90,0,4.78951081890149,[25300|0|500|0]
34900,0.6985141634941101,0.7571980357170105,0.0072742342017591,0.9493756294250488,0.27579545974731445,2.296783208847046,3.58984375,0,F1,6.1,90,0,4.795112327067512,[25300|0|600|0]
35000,0.6983309388160706,0.7616080045700073,0.008732284419238567,0.20500241219997406,0.39153212308883667,2.245732545852661,3.58984375,0,F1,6.1,90,0,4.799760693124928,[25300|0|700|0]
35100,0.6987923383712769,0.7655091881752014,0.008596058934926987,-0.15724723041057587,0.02401747927069664,2.277313470840454,3.58984375,0,F1,6.1,90,0,4.803691428482791,[25300|0|800|0]
35201,0.6967067718505859,0.7668627500534058,0.0036901808343827724,-0.2331240028142929,0.23556944727897644,2.8282039165496826,3.583984375,0,F1,6.1,90,0,4.809191370065004,[25300|0|900|0]
35301,0.6984308958053589,0.7748557925224304,0.002675912342965603,-0.13236038386821747,-0.627612292766571,3.3741908073425293,3.568359375,0,F1,6.1,90,0,4.817430913249898,[25300|0|1000|0]
35401,0.6961552500724792,0.7777237892150879,-0.002715158276259899,-0.5018500685691833,0.31604400277137756,3.533034086227417,3.568359375,0,F1,6.1,90,0,4.823947631055062,[25300|0|1100|0]
35501,0.6977546215057373,0.7888131141662598,-0.0006289553712122142,-0.8501924276351929,-0.302802711725235,3.9888758659362793,3.57421875,0,F1,6.1,90,0,4.8353442691301805,[25300|0|1200|0]
35601,0.6973266005516052,0.7966052293777466,0.0004308173374738544,0.09399113804101944,-0.04264073073863983,4.648915767669678,3.57421875,0,F1,6.1,90,0,4.843219761470367,[25300|0|1300|0]
35701,0.6967288255691528,0.8057321906089783,0.003658853005617857,0.6818779706954956,0.22426268458366394,5.218915939331055,3.578125,0,F1,6.1,90,0,4.852919192923853,[25300|0|1400|0]
35801,0.695794403553009,0.8126711845397949,0.010503820143640041,1.1061490774154663,0.04914206266403198,5.239200592041016,3.59375,0,F1,6.1,90,0,4.862710840200831,[25300|0|1500|0]
35901,0.6959887146949768,0.8164448142051697,0.01617109589278698,1.5973531007766724,-0.1637515276670456,4.554869174957275,3.58984375,0,F1,6.1,90,0,4.86952230495433,[25300|0|1600|0]
36001,0.697309136390686,0.8172981142997742,0.019405368715524673,0.9916672110557556,-0.21499522030353546,3.050093650817871,3.578125,0,F1,6.1,90,0,4.873118435541204,[25300|0|1700|0]
36101,0.6989352703094482,0.8159802556037903,0.02020908333361149,-0.4403943717479706,0.5121862888336182,1.0194146633148193,3.568359375,0,F1,6.1,90,0,4.875360537289933,[25300|0|1800|0]
36201,0.6997877955436707,0.8161214590072632,0.01994534209370613,-0.37038159370422363,0.2232874631881714,-0.03216687589883804,3.568359375,0,F1,6.1,90,0,4.876264028915664,[25300|0|1900|0]
36301,0.7021653056144714,0.8179478049278259,0.01756855472922325,-0.539822518825531,-0.6079249382019043,0.042505331337451935,3.6953125,0,F1,6.1,90,0,4.8800898898297955,[25300|0|2000|0]
36402,0.7034790515899658,0.8237019181251526,-0.0026424038223922253,-3.512509346008301,3.08595609664917,-0.2617097496986389,4.0,0,F1,6.1,90,0,4.901145022048589,[25300|0|2100|0]
36502,0.7029348015785217,0.8274765610694885,-0.022807471454143524,-13.157268524169922,13.703968048095703,-0.3005649745464325,4.0,0,F1,6.1,90,0,4.921667548453136,[25300|0|2200|0]
36602,0.7004410028457642,0.8296592235565186,-0.029047885909676552,-8.222017288208008,11.095144271850586,-1.2699605226516724,4.0078125,0,F1,6.1,90,0,4.928733369016143,[25300|0|2300|0]
36702,0.70310378074646,0.8310179114341736,-0.030849909409880638,-11.019119262695312,6.359639644622803,-1.7588462829589844,4.0078125,0,F1,6.1,90,0,4.932223885824957,[25300|0|2400|0]
36802,0.7046515941619873,0.8322771191596985,-0.03136053308844566,-13.625923156738281,3.2760872840881348,-2.4523792266845703,4.01171875,0,F1,6.1,90,0,4.934283513705527,[25300|0|2500|0]
36902,0.7067111730575562,0.833545982837677,-0.03197721391916275,-16.527446746826172,0.011365897953510284,-3.48649263381958,4.01171875,0,F1,6.1,90,0,4.936779946261663,[25300|0|2600|0]
37002,0.7068520188331604,0.8339030742645264,-0.031901415437459946,-16.3607177734375,0.07214297354221344,-3.5214316844940186,4.015625,0,F1,6.1,90,0,4.937171222672227,[25300|0|2700|0]
37102,0.7067334055900574,0.8335251212120056,-0.0317920558154583,-15.946767807006836,0.4228360950946808,-3.12947416305542,4.015625,0,F1,6.1,90,0,4.937582169308998,[25300|0|2800|0]
37202,0.7061725854873657,0.8336254358291626,-0.031772878021001816,-16.056772232055664,0.17278888821601868,-3.197791576385498,4.015625,0,F1,6.1,90,0,4.938152213165028,[25300|0|2900|0]
37302,0.7045013904571533,0.8344915509223938,-0.032394468784332275,-15.699284553527832,0.17135801911354065,-1.4737056493759155,4.0234375,0,F1,6.1,90,0,4.940134490456627,[25300|0|3000|0]
37400,0.7093089818954468,0.8359796404838562,-0.026923557743430138,-7.572214603424072,1.7834703922271729,-7.709601402282715,4.0234375,0,F1,6.1,90,0,4.9475680773161415,[25300|0|3100|0]
37500,0.7235868573188782,0.8105412721633911,-0.004302239045500755,1.5252602100372314,-4.135065078735352,-3.005462408065796,4.0234375,0,F1,6.1,90,0,4.984482740649944,[25300|0|3200|0]
37600,0.7378019094467163,0.769879937171936,0.0017717455048114061,2.6890108585357666,-4.419503688812256,3.584989309310913,4.0234375,0,F1,6.1,90,0,5.027983374652242,[25300|0|3300|0]
37700,0.7295557260513306,0.7565574645996094,-0.016848038882017136,8.277856826782227,5.872039318084717,-1.275438904762268,4.0234375,0,F1,6.1,90,0,5.052318209491269,[25300|0|3400|0]
37800,0.7276961207389832,0.7578780651092529,-0.021042170003056526,0.005200899671763182,5.720487594604492,-1.0404999256134033,4.02734375,0,F1,6.1,90,0,5.057092395650632,[25300|0|3500|0]
37900,0.7339025139808655,0.7507686614990234,-0.02132989652454853,3.6263628005981445,1.4871501922607422,5.759237289428711,4.02734375,0,F1,6.1,90,0,5.0665340969442125,[25300|0|3600|0]
38000,0.7343797087669373,0.7473223209381104,-0.02266768552362919,2.4167256355285645,0.2883126139640808,7.080323219299316,4.02734375,0,F1,6.1,90,0,5.070261650771015,[25300|0|3700|0]
38100,0.7352692484855652,0.7477918267250061,-0.02318086288869381,-0.08746711164712906,-1.5872259140014648,8.060707092285156,4.02734375,0,F1,6.1,90,0,5.071390839684776,[25300|0|3800|0]
38200,0.735130786895752,0.7480283379554749,-0.022940093651413918,-0.03287326917052269,-1.6035220623016357,8.079379081726074,4.03125,0,F1,6.1,90,0,5.071755639629419,[25300|0|3900|0]
38300,0.7352585196495056,0.7481809854507446,-0.023350583389401436,-0.06794165819883347,-1.5802192687988281,8.034305572509766,4.03125,0,F1,6.1,90,0,5.072211839957331,[25300|0|4000|0]
38400,0.7351668477058411,0.7478914856910706,-0.02323831617832184,-0.09343414008617401,-1.5471866130828857,7.9917449951171875,4.03125,0,F1,6.1,90,0,5.0725355957029015,[25300|0|4100|0]
38500,0.7351433038711548,0.7488235831260681,-0.022265145555138588,-0.12241984903812408,-1.5718626976013184,8.06592082977295,4.03125,0,F1,6.1,90,0,5.073883342341668,[25300|0|4200|0]
38600,0.7351577281951904,0.7479337453842163,-0.023183779790997505,-0.12142881751060486,-1.5133252143859863,7.997446537017822,4.03125,0,F1,6.1,90,0,5.075162368583479,[25300|0|4300|0]
38700,0.7351885437965393,0.7482123970985413,-0.023111488670110703,-0.1540081799030304,-1.4946311712265015,7.971654415130615,4.03125,0,F1,6.1,90,0,5.07545188954186,[25300|0|4400|0]
38800,0.7352403402328491,0.7480927109718323,-0.02298593334853649,-0.17515940964221954,-1.4782469272613525,7.956202507019043,4.1171875,0,F1,6.1,90,0,5.075632919314319,[25300|0|4500|0]
38900,0.7352091073989868,0.7482752203941345,-0.022936692461371422,-0.1992201954126358,-1.457567811012268,7.927280902862549,4.12109375,0,F1,6.1,90,0,5.075824517446118,[25300|0|4600|0]
39000,0.7351650595664978,0.748220682144165,-0.023147733882069588,-0.2105388194322586,-1.4455132484436035,7.913529396057129,4.12109375,0,F1,6.1,90,0,5.076046898006211,[25300|0|4700|0]
39100,0.7345853447914124,0.7483165264129639,-0.023117879405617714,-0.2164314240217209,-1.4105366468429565,7.893749713897705,4.12109375,0,F1,6.1,90,0,5.076635240282507,[25300|0|4800|0]
39200,0.73517245054245,0.748265266418457,-0.02310212142765522,-0.21276253461837769,-1.4149409532546997,7.880832195281982,4.12109375,0,F1,6.1,90,0,5.077224790164881,[25300|0|4900|0]
39300,0.7345432043075562,0.748395562171936,-0.023064032196998596,-0.22663870453834534,-1.3884333372116089,7.86345100402832,4.12890625,0,F1,6.1,90,0,5.077868512618268,[25300|0|5000|0]
39400,0.734947144985199,0.7482061982154846,-0.02294144593179226,-0.21206772327423096,-1.4073158502578735,7.870282173156738,4.12890625,0,F1,6.1,90,0,5.078331172505739,[25300|0|5100|0]
39500,0.734809935092926,0.7483370304107666,-0.02303236350417137,-0.21856898069381714,-1.4013396501541138,7.873321533203125,4.12890625,0,F1,6.1,90,0,5.078541433350471,[25300|0|5200|0]
39600,0.7347434759140015,0.7482011914253235,-0.02292788401246071,-0.21428078413009644,-1.3994746208190918,7.86326265335083,4.12890625,0,F1,6.1,90,0,5.078725240359634,[25300|0|5300|0]
39700,0.7343825697898865,0.748134434223175,-0.023012414574623108,-0.21711526811122894,-1.396601915359497,7.857964992523193,4.12890625,0,F1,6.1,90,0,5.079101877015314,[25300|0|5400|0]
39800,0.7348458170890808,0.7484201788902283,-0.02282998524606228,-0.22128716111183167,-1.40548574924469,7.877690315246582,4.1328125,0,F1,6.1,90,0,5.07967592277558,[25300|0|5500|0]
39900,0.7346766591072083,0.7482638359069824,-0.023239148780703545,-0.2191060334444046,-1.4004541635513306,7.874676704406738,4.1328125,0,F1,6.1,90,0,5.0801454676076485,[25300|0|5600|0]
40000,0.7347712516784668,0.7483221292495728,-0.022738097235560417,-0.21704792976379395,-1.410613775253296,7.869568347930908,4.1328125,0,F1,6.1,90,0,5.080658691261837,[25300|0|5700|0]
40100,0.7346850633621216,0.7483498454093933,-0.023524446412920952,-0.21551872789859772,-1.4127330780029297,7.869695663452148,4.1328125,0,F1,6.1,90,0,5.081450235095193,[25300|0|5800|0]
40200,0.734527051448822,0.7485150098800659,-0.022793082520365715,-0.2189677357673645,-1.409766435623169,7.883912086486816,4.1328125,0,F1,6.1,90,0,5.082216485844263,[25300|0|5900|0]
40300,0.7349074482917786,0.7483365535736084,-0.023141484707593918,-0.2189752608537674,-1.4247411489486694,7.85659646987915,4.13671875,0,F1,6.1,90,0,5.082762317773992,[25300|0|6000|0]
40400,0.7345908880233765,0.748436450958252,-0.02296200953423977,-0.2214268296957016,-1.4188158512115479,7.864041328430176,4.13671875,0,F1,6.1,90,0,5.0831396786474805,[25300|0|6100|0]
40500,0.7348194122314453,0.7482174634933472,-0.023159539327025414,-0.21471844613552094,-1.424139142036438,7.874878883361816,4.13671875,0,F1,6.1,90,0,5.083512769578082,[25300|0|6200|0]
40600,0.7346293926239014,0.7484305500984192,-0.02340424619615078,-0.2170122265815735,-1.417183756828308,7.858943939208984,4.13671875,0,F1,6.1,90,0,5.083888794582981,[25300|0|6300|0]
40700,0.7346129417419434,0.7480832934379578,-0.02323738858103752,-0.21316811442375183,-1.4105342626571655,7.892471790313721,4.13671875,0,F1,6.1,90,0,5.084274410043606,[25300|0|6400|0]
40800,0.7346349954605103,0.7482240796089172,-0.022853082045912743,-0.20407426357269287,-1.420117974281311,7.8865065574646,4.13671875,0,F1,6.1,90,0,5.084684286397371,[25300|0|6500|0]
40900,0.734704852104187,0.7480947971343994,-0.02322082221508026,-0.19715876877307892,-1.417749047279358,7.904007911682129,4.13671875,0,F1,6.1,90,0,5.085080299958884,[25300|0|6600|0]
41000,0.7350863814353943,0.7483325004577637,-0.023471206426620483,-0.19297276437282562,-1.4194972515106201,7.884182453155518,4.13671875,0,F1,6.1,90,0,5.08559484806538,[25300|0|6700|0]
41100,0.735034167766571,0.7481561303138733,-0.02312377467751503,-0.19164253771305084,-1.4093643426895142,7.869455814361572,4.14453125,0,F1,6.1,90,0,5.085987965751518,[25300|0|6800|0]
41200,0.7350601553916931,0.748020350933075,-0.022855373099446297,-0.18319374322891235,-1.407763123512268,7.88244104385376,4.14453125,0,F1,6.1,90,0,5.086289877665856,[25300|0|6900|0]
41300,0.7352482080459595,0.7482792735099792,-0.023488422855734825,-0.19248400628566742,-1.4104578495025635,7.8405537605285645,4.14453125,0,F1,6.1,90,0,5.086999213055883,[25300|0|7000|0]
41400,0.7351349592208862,0.7479915618896484,-0.022777052596211433,-0.1831335425376892,-1.4018305540084839,7.822100639343262,4.14453125,0,F1,6.1,90,0,5.087774874656704,[25300|0|7100|0]
41500,0.7350868582725525,0.747959554195404,-0.023125071078538895,-0.18672336637973785,-1.3992735147476196,7.812270164489746,4.14453125,0,F1,6.1,90,0,5.0881276565408236,[25300|0|7200|0]
41600,0.7347869873046875,0.7479274868965149,-0.022917957976460457,-0.18819282948970795,-1.388991355895996,7.8276686668396,4.14453125,0,F1,6.1,90,0,5.088493507256388,[25300|0|7300|0]
41700,0.7349831461906433,0.7480528950691223,-0.022864993661642075,-0.19325070083141327,-1.400991678237915,7.845431327819824,4.14453125,0,F1,6.1,90,0,5.088732276469102,[25300|0|7400|0]
41800,0.7349742650985718,0.7482463717460632,-0.023212242871522903,-0.2000102698802948,-1.4046728610992432,7.850138187408447,4.1484375,0,F1,6.1,90,0,5.089129886972081,[25300|0|7500|0]
41900,0.7349523901939392,0.7483809590339661,-0.023099232465028763,-0.20054477453231812,-1.4015777111053467,7.834043979644775,4.1484375,0,F1,6.1,90,0,5.08930698468944,[25300|0|7600|0]
42000,0.7350547313690186,0.7479507923126221,-0.023038694635033607,-0.1837981790304184,-1.3984370231628418,7.851809024810791,4.1484375,0,F1,6.1,90,0,5.08975328274358,[25300|0|7700|0]
42100,0.7349504828453064,0.7480689883232117,-0.023001044988632202,-0.18539948761463165,-1.3945305347442627,7.872020721435547,4.1484375,0,F1,6.1,90,0,5.08991531838006,[25300|0|7800|0]
42200,0.7349730134010315,0.748080313205719,-0.02286895178258419,-0.1838170439004898,-1.3975516557693481,7.86406946182251,4.1484375,0,F1,6.1,90,0,5.090049796980547,[25300|0|7900|0]
42300,0.7350095510482788,0.7482151389122009,-0.023112304508686066,-0.187738299369812,-1.3988927602767944,7.8607001304626465,4.1484375,0,F1,6.1,90,0,5.090330391920088,[25300|0|8000|0]
42400,0.7349585890769958,0.7479884028434753,-0.023194022476673126,-0.18102751672267914,-1.4009844064712524,7.862658977508545,4.1484375,0,F1,6.1,90,0,5.090576733539938,[25300|0|8100|0]
42500,0.7349857091903687,0.7482036352157593,-0.022970430552959442,-0.19081668555736542,-1.3961039781570435,7.846208572387695,4.1484375,0,F1,6.1,90,0,5.090888268165587,[25300|0|8200|0]
42600,0.7349923253059387,0.7480367422103882,-0.02290019392967224,-0.18652063608169556,-1.393049955368042,7.873565673828125,4.1484375,0,F1,6.1,90,0,5.091069459311833,[25300|0|8300|0]
42700,0.7350181937217712,0.7478058934211731,-0.02308517135679722,-0.18235473334789276,-1.3966299295425415,7.890722274780273,4.15234375,0,F1,6.1,90,0,5.091366405412945,[25300|0|8400|0]
42800,0.7347608804702759,0.7481546401977539,-0.023105602711439133,-0.18892741203308105,-1.3953717947006226,7.88491678237915,4.15234375,0,F1,6.1,90,0,5.091800285423804,[25300|0|8500|0]
42900,0.7347376942634583,0.7481329441070557,-0.02293514832854271,-0.18412382900714874,-1.3946751356124878,7.891325950622559,4.15234375,0,F1,6.1,90,0,5.0919736723240785,[25300|0|8600|0]
43000,0.7348958849906921,0.7481435537338257,-0.022895153611898422,-0.18161612749099731,-1.398484706878662,7.890764236450195,4.15234375,0,F1,6.1,90,0,5.092137185160646,[25300|0|8700|0]
43100,0.7351540327072144,0.7482070326805115,-0.023200592026114464,-0.1793121099472046,-1.4001637697219849,7.856401443481445,4.15234375,0,F1,6.1,90,0,5.092542107925006,[25300|0|8800|0]
43200,0.7348917126655579,0.7482993602752686,-0.02338196523487568,-0.18020418286323547,-1.3899061679840088,7.852873802185059,4.15234375,0,F1,6.1,90,0,5.092874120620342,[25300|0|8900|0]
43300,0.7348833084106445,0.7482056021690369,-0.023135002702474594,-0.17477302253246307,-1.3902511596679688,7.8542327880859375,4.15234375,0,F1,6.1,90,0,5.093138415354295,[25300|0|9000|0]
43400,0.7348793148994446,0.7479935884475708,-0.023113030940294266,-0.16558150947093964,-1.396790623664856,7.872126579284668,4.15234375,0,F1,6.1,90,0,5.093351601949921,[25300|0|9100|0]
43500,0.7348926663398743,0.7481271624565125,-0.022982848808169365,-0.17404018342494965,-1.40152108669281,7.8763227462768555,4.15234375,0,F1,6.1,90,0,5.0935385983786325,[25300|0|9200|0]
43600,0.7350207567214966,0.7479332685470581,-0.02292654477059841,-0.1710071563720703,-1.3994585275650024,7.885268688201904,4.15234375,0,F1,6.1,90,0,5.093777705339289,[25300|0|9300|0]
43700,0.7347651124000549,0.7481803297996521,-0.023105481639504433,-0.1758308708667755,-1.392255425453186,7.887945175170898,4.16015625,0,F1,6.1,90,0,5.094175714993284,[25300|0|9400|0]
43800,0.7347225546836853,0.7478995323181152,-0.023524250835180283,-0.1705109030008316,-1.3900656700134277,7.891197204589844,4.15234375,0,F1,6.1,90,0,5.094681705135586,[25300|0|9500|0]
43900,0.7348280549049377,0.7482159733772278,-0.023115599527955055,-0.18113850057125092,-1.3991032838821411,7.903770446777344,4.16015625,0,F1,6.1,90,0,5.0952092097625545,[25300|0|9600|0]
44000,0.7349016070365906,0.7479617595672607,-0.02304849773645401,-0.17775501310825348,-1.405954122543335,7.91022253036499,4.16015625,0,F1,6.1,90,0,5.095482224831134,[25300|0|9700|0]
44100,0.7348399758338928,0.7483590841293335,-0.022967031225562096,-0.18389467895030975,-1.406805396080017,7.909396171569824,4.16015625,0,F1,6.1,90,0,5.0958924711049365,[25300|0|9800|0]
44200,0.7348461151123047,0.7480513453483582,-0.022842872887849808,-0.1802247166633606,-1.4057029485702515,7.920525074005127,4.16015625,0,F1,6.1,90,0,5.096224368891731,[25300|0|9900|0]
44300,0.7352984547615051,0.7481136322021484,-0.023115865886211395,-0.18030411005020142,-1.4198956489562988,7.898623943328857,4.16015625,0,F1,6.1,90,0,5.0967563613611775,[25300|0|10000|0]
44400,0.7348822355270386,0.7482224106788635,-0.02320784702897072,-0.18448220193386078,-1.4078435897827148,7.888594150543213,4.16015625,0,F2,6.1,90,0,5.097196283784747,[25300|0|10000|0]
44500,0.7358847260475159,0.7481289505958557,-0.023080280050635338,0.16757211089134216,-1.8164784908294678,7.822556972503662,2.97265625,0,F2,6.1,90,0,5.098211170657617,[25300|0|10000|0]
44600,0.7393313646316528,0.7473982572555542,-0.019416453316807747,1.9057226181030273,-5.981696128845215,7.881369590759277,3.3203125,0,F2,6.1,90,0,5.103294167472757,[25300|0|10000|0]
44700,0.7554718255996704,0.7433083057403564,0.005344859790056944,5.104243278503418,-4.90634298324585,9.230627059936523,3.267578125,0,F2,6.1,90,0,5.133133148863431,[25300|0|10000|0]
44800,0.7777673006057739,0.7386159896850586,0.051533766090869904,-5.0933122634887695,8.934272766113281,8.32248306274414,3.341796875,0,F2,6.1,90,0,5.184635780844484,[25300|0|10000|0]
44900,0.7854970693588257,0.742551326751709,0.11167970299720764,-5.504002571105957,8.721952438354492,4.618926048278809,3.345703125,0,F2,6.1,90,0,5.245403946269688,[25300|0|10000|0]
45000,0.7769637107849121,0.7571366429328918,0.1847156584262848,-2.7156033515930176,7.10800838470459,1.245861530303955,3.37890625,0,F2,6.1,90,0,5.320369274536122,[25300|0|10000|0]
45100,0.7572335004806519,0.7773168087005615,0.2690642476081848,1.1718883514404297,3.043100118637085,-1.02802574634552,3.3984375,0,F2,6.1,90,0,5.409314228221184,[25300|0|10000|0]
45200,0.735161304473877,0.7963706254959106,0.35840797424316406,3.5517160892486572,-0.13224391639232635,-1.5848488807678223,3.419921875,0,F2,6.1,90,0,5.503295775665659,[25300|0|10000|0]
45300,0.7148251533508301,0.8091461062431335,0.4526660144329071,4.844154357910156,-2.5966997146606445,-1.9150696992874146,3.404296875,0,F2,6.1,90,0,5.6005652471931295,[25300|0|10000|0]
45400,0.7001594305038452,0.8138740062713623,0.5480257272720337,4.702549457550049,-3.289544105529785,-2.2162811756134033,3.3984375,0,F2,6.1,90,0,5.697161889464288,[25300|0|10000|0]
45500,0.6911820769309998,0.8111835718154907,0.6446274518966675,2.938828706741333,-3.607550859451294,-2.9536213874816895,3.3828125,0,F2,6.1,90,0,5.794217154726853,[25300|0|10000|0]
45600,0.687720775604248,0.8035296201705933,0.7426841259002686,1.3821660280227661,-2.026291847229004,-3.34444260597229,3.39453125,0,F2,6.1,90,0,5.8926329811944775,[25300|0|10000|0]
45700,0.688018798828125,0.793764054775238,0.843090295791626,-0.4377884566783905,-0.9304055571556091,-3.493776559829712,3.3828125,0,F2,6.1,90,0,5.993513375908144,[25300|0|10000|0]
45800,0.6893645524978638,0.7858343720436096,0.9451513290405273,-0.9563596248626709,0.04967629164457321,-3.215909004211426,3.404296875,0,F2,6.1,90,0,6.095890841343645,[25300|0|10000|0]
45900,0.689838171005249,0.7805092334747314,1.0485508441925049,-1.4009617567062378,0.059985704720020294,-3.4319357872009277,3.388671875,0,F2,6.1,90,0,6.199428472903056,[25300|0|10000|0]
46000,0.6899170875549316,0.7794837951660156,1.1490652561187744,-2.2142817974090576,0.28720536828041077,-3.6298999786376953,3.505859375,0,F2,6.1,90,0,6.299948146382583,[25300|0|10000|0]
46100,0.6883901357650757,0.7823238968849182,1.245568871498108,-0.23877446353435516,0.23313315212726593,-3.585852861404419,3.60546875,0,F2,6.1,90,0,6.396505619116828,[25300|0|10000|0]
46200,0.6854972243309021,0.7863580584526062,1.3282620906829834,0.4422680139541626,0.29073166847229004,-3.3223321437835693,3.642578125,0,F2,6.1,90,0,6.479347709235789,[25300|0|10000|0]
46300,0.6808776259422302,0.7904496788978577,1.3938357830047607,1.0459637641906738,-0.41806554794311523,-3.05318284034729,3.642578125,0,F2,6.1,90,0,6.545211137417533,[25300|0|10000|0]
46400,0.6749058961868286,0.7940965890884399,1.4406474828720093,1.5598139762878418,-0.612566351890564,-2.9708781242370605,3.611328125,0,F2,6.1,90,0,6.592542910621915,[25300|0|10000|0]
46500,0.6677192449569702,0.7959216237068176,1.4727160930633545,1.0563231706619263,-1.2421777248382568,-3.2467892169952393,3.59375,0,F2,6.1,90,0,6.6254575649093645,[25300|0|10000|0]
46600,0.6604800224304199,0.7973598837852478,1.4910258054733276,1.0569376945495605,-2.2028441429138184,-3.993438482284546,3.57421875,0,F2,6.1,90,0,6.645198904868396,[25300|0|10000|0]
46700,0.6551526784896851,0.7971217632293701,1.5004690885543823,1.5074208974838257,-2.3126070499420166,-4.858738899230957,3.5625,0,F2,6.1,90,0,6.656043852549733,[25300|0|10000|0]
46800,0.6518075466156006,0.795564591884613,1.5047956705093384,0.66859370470047,-2.132113456726074,-5.8430705070495605,3.55859375,0,F2,6.1,90,0,6.66173015198477,[25300|0|10000|0]
46900,0.6506719589233398,0.7918642163276672,1.5083917379379272,0.8031553030014038,-1.763939380645752,-6.866458892822266,3.57421875,0,F2,6.1,90,0,6.66701352587086,[25300|0|10000|0]
47000,0.6510196328163147,0.7871848344802856,1.5100244283676147,0.6982340216636658,-1.219305396080017,-7.418741703033447,3.578125,0,F2,6.1,90,0,6.6719817418130924,[25300|0|10000|0]
47100,0.6529560089111328,0.780376672744751,1.5109807252883911,0.6457992196083069,-1.3225212097167969,-7.694211959838867,3.57421875,0,F2,6.1,90,0,6.67912422894283,[25300|0|10000|0]
47200,0.6555361747741699,0.7716122269630432,1.5085448026657104,-0.025254221633076668,-0.6744652390480042,-6.762262344360352,3.568359375,0,F2,6.1,90,0,6.688579729181578,[25300|0|10000|0]
47300,0.6581263542175293,0.7621226906776428,1.5048003196716309,-0.7958757877349854,-0.6024794578552246,-5.263831615447998,3.55859375,0,F2,6.1,90,0,6.699105007389478,[25300|0|10000|0]
47400,0.6619831919670105,0.7532023191452026,1.499190092086792,-1.4976938962936401,-0.5549849271774292,-3.7828590869903564,3.5625,0,F2,6.1,90,182.72631099390628,6.710326543793031,[25300|0|10000|0]
47500,0.6655842661857605,0.7452338337898254,1.4938017129898071,2.278925895690918,-0.48925769329071045,-2.554605722427368,3.326171875,0,F2,6.1,90,182.72631099390628,6.7205978204264705,[25300|0|10000|0]
47600,0.6715633869171143,0.727421224117279,1.5017104148864746,12.630093574523926,1.1167030334472656,0.2760135531425476,3.404296875,0,F2,6.1,90,182.72631099390628,6.740983759545308,[25300|0|10000|0]
47700,0.6769112348556519,0.6875889897346497,1.527918815612793,10.421208381652832,2.149240255355835,6.206333160400391,3.515625,0,F2,6.1,90,182.72631099390628,6.788963824594428,[25300|0|10000|0]
47800,0.6824324131011963,0.6301543712615967,1.566960334777832,4.947669982910156,1.226934790611267,9.39786434173584,3.583984375,0,F2,6.1,90,182.72631099390628,6.858630595921068,[25300|0|10000|0]
47900,0.6888554096221924,0.5671900510787964,1.609866738319397,0.7422904372215271,0.12319242209196091,9.460038185119629,3.60546875,0,F2,6.1,90,182.72631099390628,6.935094443360643,[25300|0|10000|0]
48000,0.6966531276702881,0.5060035586357117,1.648120641708374,-4.13458776473999,0.7066823840141296,8.607531547546387,3.62109375,0,F2,6.1,90,182.72631099390628,7.0076751046192625,[25300|0|10000|0]
48100,0.7048540115356445,0.4518393874168396,1.6762919425964355,-6.045373439788818,2.6425459384918213,2.4255998134613037,3.611328125,0,F2,6.1,90,182.72631099390628,7.069275706351113,[25300|0|10000|0]
48200,0.7146592736244202,0.4103919267654419,1.6955950260162354,-6.7615885734558105,3.1526381969451904,-2.979435443878174,3.58984375,0,F2,6.1,90,182.72631099390628,7.116037273781969,[25300|0|10000|0]
48300,0.724114716053009,0.382154643535614,1.7060681581497192,-6.447821140289307,3.1705305576324463,-5.6893205642700195,3.578125,0,F2,6.1,90,182.72631099390628,7.147603649126745,[25300|0|10000|0]
48400,0.7354578971862793,0.364775687456131,1.7100330591201782,-5.0586934089660645,3.0698509216308594,-6.670650482177734,3.568359375,0,F2,6.1,90,182.72631099390628,7.168732215389991,[25300|0|10000|0]
48500,0.7468699216842651,0.3573914170265198,1.7105056047439575,-3.0758752822875977,3.252349853515625,-6.507838726043701,3.568359375,0,F2,6.1,90,182.72631099390628,7.182333136398761,[25300|0|10000|0]
48600,0.7567641735076904,0.35421091318130493,1.7086362838745117,-1.3604933023452759,3.793933391571045,-6.090839862823486,3.55859375,0,F2,6.1,90,182.72631099390628,7.192892785273971,[25300|0|10000|0]
48700,0.7631856799125671,0.35301291942596436,1.7072449922561646,0.47081711888313293,3.5851118564605713,-5.561985492706299,3.568359375,0,F2,6.1,90,182.72631099390628,7.199571604474473,[25300|0|10000|0]
48800,0.7652621269226074,0.3520798087120056,1.7068742513656616,0.9417142868041992,3.3767054080963135,-4.917651176452637,3.568359375,0,F2,6.1,90,182.72631099390628,7.201878068564351,[25300|0|10000|0]
48900,0.763141930103302,0.3502682149410248,1.707096815109253,0.7419795393943787,2.8115921020507812,-4.158557415008545,3.568359375,0,F2,6.1,90,182.72631099390628,7.204675682040801,[25300|0|10000|0]
49000,0.7588076591491699,0.3434569537639618,1.7054760456085205,0.297260046005249,2.302445888519287,-3.479504108428955,3.5625,0,F2,6.1,90,182.72631099390628,7.212910126606192,[25300|0|10000|0]
49100,0.7510249018669128,0.3399646580219269,1.705104112625122,-0.5905397534370422,1.4824373722076416,-3.0594911575317383,3.5625,0,F2,6.1,90,182.72631099390628,7.221448614447051,[25300|0|10000|0]
49200,0.7412786483764648,0.3338238000869751,1.7035634517669678,-0.8652807474136353,1.0633214712142944,-2.6376683712005615,3.568359375,0,F2,6.1,90,182.72631099390628,7.233070715339625,[25300|0|10000|0]
49300,0.7305439710617065,0.33275914192199707,1.7031455039978027,-1.2719851732254028,0.22085164487361908,-2.1253910064697266,3.57421875,0,F2,6.1,90,182.72631099390628,7.243866153005509,[25300|0|10000|0]
49400,0.7196582555770874,0.33011022210121155,1.6994409561157227,-1.0713598728179932,-0.11709679663181305,-1.3266868591308594,3.5625,0,F2,6.1,90,182.72631099390628,7.25566612134613,[25300|0|10000|0]
49500,0.7104091048240662,0.33095479011535645,1.6960937976837158,-0.5882343649864197,-0.9777367115020752,-1.1889396905899048,3.55859375,0,F2,6.1,90,182.72631099390628,7.265538484505556,[25300|0|10000|0]
49600,0.7010686993598938,0.3330554664134979,1.6924684047698975,-0.787726879119873,-0.4836360514163971,-1.3121085166931152,3.55859375,0,F2,6.1,90,182.72631099390628,7.275775646657455,[25300|0|10000|0]
49700,0.6951698064804077,0.3367624580860138,1.6880271434783936,-0.2996337115764618,-0.9976963400840759,-1.8254855871200562,3.546875,0,F2,6.1,90,182.72631099390628,7.2840378210881465,[25300|0|10000|0]
49800,0.6895174384117126,0.34098145365715027,1.6843092441558838,-0.09475890547037125,-0.7106382250785828,-2.009168863296509,3.552734375,0,F2,6.1,90,182.72631099390628,7.292011023944314,[25300|0|10000|0]
49900,0.6866033673286438,0.3454069197177887,1.6814215183258057,-0.1142212375998497,-0.7822535634040833,-2.1791470050811768,3.552734375,0,F2,6.1,90,182.72631099390628,7.298045551316092,[25300|0|10000|0]
50000,0.6844549179077148,0.35011664032936096,1.6793196201324463,0.3831983208656311,-0.2943311035633087,-2.601313591003418,3.55859375,0,F2,6.1,90,182.72631099390628,7.303632614871181,[25300|0|10000|0]
50100,0.6830456852912903,0.35594484210014343,1.6782087087631226,0.5724180340766907,-0.4397605359554291,-3.1319236755371094,3.552734375,0,F2,6.1,90,182.72631099390628,7.3097308110404295,[25300|0|10000|0]
50200,0.6829098463058472,0.3588559925556183,1.6765958070755005,0.883891224861145,-0.024500960484147072,-3.705446481704712,3.55859375,0,F2,6.1,90,182.72631099390628,7.313061681956318,[25300|0|10000|0]
50300,0.683140218257904,0.3611709177494049,1.67432701587677,0.9662461280822754,-0.12311991304159164,-4.097256183624268,3.55859375,0,F2,6.1,90,182.72631099390628,7.316311199365497,[25300|0|10000|0]
50400,0.6831954121589661,0.3615064024925232,1.6723474264144897,0.7616656422615051,-0.6804982423782349,-4.006827354431152,3.552734375,0,F2,6.1,90,182.72631099390628,7.318319773690423,[25300|0|10000|0]
50500,0.6840358972549438,0.3596809208393097,1.6671632528305054,0.45156463980674744,-0.33308303356170654,-3.3072876930236816,3.853515625,0,F2,6.1,90,0,7.323879850507487,[25300|0|10000|0]
50600,0.6837783455848694,0.358980268239975,1.637603521347046,0.3819047808647156,-0.7519629001617432,-2.701582908630371,3.794921875,0,F2,6.1,90,0,7.35344900626652,[25300|0|10000|0]
50700,0.6827446818351746,0.35836848616600037,1.5676082372665405,0.6003931164741516,0.3389798402786255,-2.3428874015808105,3.66796875,0,F2,6.1,90,0,7.423454595554548,[25300|0|10000|0]
50800,0.6806089282035828,0.3590773642063141,1.46574068069458,-0.13848422467708588,-0.020905302837491035,2.0931694507598877,3.57421875,0,F2,6.1,90,0,7.525347004661373,[25300|0|10000|0]
50900,0.6822564601898193,0.35566043853759766,1.3530058860778809,-0.4586261510848999,-0.37674540281295776,1.99512779712677,3.537109375,0,F2,6.1,90,0,7.638145602436081,[25300|0|10000|0]
51000,0.6819261312484741,0.3541586101055145,1.2266631126403809,-1.4898136854171753,-0.8132157325744629,0.05188002809882164,3.552734375,0,F2,6.1,90,0,7.764497733426137,[25300|0|10000|0]
51100,0.6790072917938232,0.3561232089996338,1.091801643371582,-1.7933405637741089,0.28906965255737305,-1.0864613056182861,3.55859375,0,F2,6.1,90,0,7.899405091142149,[25300|0|10000|0]
51200,0.6822047233581543,0.36227601766586304,0.9672914147377014,-1.8096094131469727,-0.43319272994995117,-0.050077687948942184,3.5625,0,F2,6.1,90,0,8.024108249312073,[25300|0|10000|0]
51300,0.6886829733848572,0.36985644698143005,0.8508354425430298,-1.186136245727539,1.7926093339920044,2.6632471084594727,3.5625,0,F2,6.1,90,0,8.140990344141962,[25300|0|10000|0]
51400,0.686829149723053,0.3818710446357727,0.7204717397689819,1.8269777297973633,2.338129758834839,7.616415977478027,3.57421875,0,F2,6.1,90,0,8.271919646515132,[25300|0|10000|0]
51501,0.6890549659729004,0.3853204846382141,0.6015294194221497,2.472136974334717,0.08528367429971695,12.994699478149414,3.57421875,0,F2,6.1,90,0,8.390932790595091,[25300|0|10000|0]
51601,0.689228355884552,0.3837410807609558,0.4783609211444855,4.012039661407471,1.4114747047424316,16.07943344116211,3.5625,0,F2,6.1,90,0,8.514111536930017,[25300|0|10000|0]
51701,0.6902688145637512,0.3762853443622589,0.3564959466457367,2.6306416988372803,0.06987816840410233,15.101912498474121,3.494140625,0,F2,6.1,90,0,8.636208803767119,[25300|0|10000|0]
51801,0.6943688988685608,0.36358827352523804,0.24126110970973969,0.5645300149917603,-1.0615147352218628,10.44075870513916,3.42578125,0,F2,6.1,90,0,8.752213518942032,[25300|0|10000|0]
51901,0.7020778656005859,0.3474368751049042,0.13968506455421448,0.7553480863571167,0.3314538598060608,4.35163688659668,3.419921875,0,F2,6.1,90,0,8.855354145217254,[25300|0|10000|0]
52001,0.709999680519104,0.33095642924308777,0.05468113720417023,-2.6758153438568115,0.9585068821907043,-2.68979549407959,3.46875,0,F2,6.1,90,0,8.942302566205441,[25300|0|10000|0]
52101,0.7149211764335632,0.3196316659450531,-0.01232760027050972,-2.8745288848876953,3.866543769836426,-8.30408763885498,3.48828125,0,F2,6.1,90,0,9.010439503939267,[25300|0|10000|0]
52201,0.7184610366821289,0.31343552470207214,-0.012366206385195255,-1.7836203575134277,-3.8351168632507324,-7.743224620819092,3.673828125,0,F2,6.1,90,0,9.017575628049345,[25300|0|10000|0]
52301,0.7253375053405762,0.3123365640640259,0.014799721539020538,-0.7475103735923767,2.817131519317627,-5.217293739318848,3.701171875,0,F2,6.1,90,0,9.045619899758167,[25300|0|10000|0]
52401,0.730858564376831,0.31244829297065735,0.028213178738951683,0.013348898850381374,3.3441638946533203,-3.8760929107666016,3.658203125,0,F2,6.1,90,0,9.06012560243969,[25300|0|10000|0]
52501,0.7327698469161987,0.3121679425239563,0.023533914238214493,-0.7831525802612305,4.44533109664917,-2.892934799194336,3.599609375,0,F2,6.1,90,0,9.065187925383372,[25300|0|10000|0]
52601,0.7334815263748169,0.31648895144462585,0.009093830361962318,-0.14302794635295868,2.7870373725891113,-1.7118195295333862,3.546875,0,F2,6.1,90,0,9.08027744585612,[25300|0|10000|0]
52701,0.7253000140190125,0.3151155114173889,-0.008794210851192474,0.2597389221191406,1.5972059965133667,-0.2177218198776245,3.552734375,0,F2,6.1,90,0,9.099995597401843,[25300|0|10000|0]
52801,0.7160072326660156,0.31084591150283813,-0.01796550862491131,-1.4707961082458496,-0.8347395062446594,1.0371354818344116,3.58984375,0,F2,6.1,90,0,9.11373233542654,[25300|0|10000|0]
52901,0.7074472904205322,0.30494847893714905,-0.018280193209648132,-0.1766049563884735,0.21673321723937988,1.4170540571212769,3.60546875,0,F2,6.1,90,0,9.124131919480758,[25300|0|10000|0]
53002,0.6946738958358765,0.2938026189804077,-0.01710570603609085,-0.928614616394043,-0.6871581077575684,1.2962965965270996,3.626953125,0,F2,6.1,90,0,9.141125130581415,[25300|0|10000|0]
53102,0.6865021586418152,0.2874651551246643,-0.013906964100897312,-1.3298027515411377,-0.8617162108421326,1.39430832862854,3.62109375,0,F2,6.1,90,0,9.15194976391745,[25300|0|10000|0]
53202,0.680901050567627,0.28100892901420593,-0.01222851313650608,-1.09835946559906,-2.1128509044647217,1.4333865642547607,3.60546875,0,F2,6.1,90,0,9.160660244092961,[25300|0|10000|0]
53302,0.6766533851623535,0.27604418992996216,-0.013737164437770844,-2.409616708755493,-1.1997194290161133,1.4528450965881348,3.599609375,0,F2,6.1,90,0,9.167366012081684,[25300|0|10000|0]
53402,0.6750993132591248,0.2732067406177521,-0.01589224301278591,-2.032378673553467,-1.145248532295227,1.348078966140747,3.60546875,0,F2,6.1,90,0,9.171253250400113,[25300|0|10000|0]
